-- phpMyAdmin SQL Dump
-- version 4.0.10
-- http://www.phpmyadmin.net
--
-- Host: 127.0.0.1:3306
-- Generation Time: Jan 29, 2014 at 06:06 PM
-- Server version: 5.5.35-log
-- PHP Version: 5.4.22

SET SQL_MODE = "NO_AUTO_VALUE_ON_ZERO";
SET time_zone = "+00:00";


/*!40101 SET @OLD_CHARACTER_SET_CLIENT=@@CHARACTER_SET_CLIENT */;
/*!40101 SET @OLD_CHARACTER_SET_RESULTS=@@CHARACTER_SET_RESULTS */;
/*!40101 SET @OLD_COLLATION_CONNECTION=@@COLLATION_CONNECTION */;
/*!40101 SET NAMES utf8 */;

--
-- Database: `qrchat`
--

-- --------------------------------------------------------

--
-- Table structure for table `chat`
--

CREATE TABLE IF NOT EXISTS `chat` (
  `id` int(11) NOT NULL AUTO_INCREMENT,
  `qrcode` varchar(255) DEFAULT NULL,
  `title` varchar(255) DEFAULT NULL,
  `tags` text,
  `chat_height` varchar(45) DEFAULT NULL,
  `user_id` int(11) NOT NULL,
  `created` timestamp NOT NULL DEFAULT CURRENT_TIMESTAMP,
  `type` int(1) NOT NULL,
  PRIMARY KEY (`id`),
  UNIQUE KEY `qrcode_UNIQUE` (`qrcode`),
  KEY `fk_chat_user1_idx` (`user_id`)
) ENGINE=InnoDB  DEFAULT CHARSET=utf8 AUTO_INCREMENT=345 ;

--
-- Dumping data for table `chat`
--

INSERT INTO `chat` (`id`, `qrcode`, `title`, `tags`, `chat_height`, `user_id`, `created`, `type`) VALUES
(1, 'aaa', 'avca', 'Progrss', NULL, 1, '2013-07-25 13:52:25', 0),
(2, 'add', '0', '0', NULL, 1, '2013-07-25 13:52:25', 2),
(6, '123321', '0', '0', NULL, 1, '2013-07-25 13:52:25', 1),
(53, '1181290.92452600 1375279401', 'Progress created chat', 'tag1 tag2 tag', NULL, 1, '2013-07-31 14:03:21', 1),
(66, '5421320.75860000 1375881431', 'new test title', 'new, test, title', NULL, 132, '2013-08-07 13:17:16', 1),
(71, NULL, NULL, NULL, NULL, 1, '2013-08-08 12:37:04', 0),
(72, '3471810.04481700 1377084783', 'title 1', 'tag', NULL, 181, '2013-08-21 11:33:03', 2),
(73, '2841830.98206200 1377085133', 'title 1', 'tag', NULL, 183, '2013-08-21 11:38:53', 2),
(74, '2221850.94545100 1377085439', 'title 1', 'tag', NULL, 185, '2013-08-21 11:43:59', 2),
(75, '751870.87635300 1377085551', 'title 1', 'tag', NULL, 187, '2013-08-21 11:45:51', 2),
(76, '8091890.85327400 1377086223', 'Title2', NULL, NULL, 189, '2013-08-21 11:57:03', 2),
(77, '9511910.68616900 1377086455', 'Title2', NULL, NULL, 191, '2013-08-21 12:00:55', 2),
(78, '5351930.60305700 1377087194', 'Title2', NULL, NULL, 193, '2013-08-21 12:13:14', 2),
(79, '2421950.01331200 1377088180', 'Title2', NULL, NULL, 195, '2013-08-21 12:29:40', 2),
(80, '1081970.63414700 1377088280', 'Title2', NULL, NULL, 197, '2013-08-21 12:31:20', 2),
(81, '1811990.03708400 1377088664', 'Title2', NULL, NULL, 199, '2013-08-21 12:37:44', 2),
(82, NULL, NULL, NULL, NULL, 199, '2013-08-21 12:40:56', 0),
(83, '1252010.97143600 1377089452', 'Title2', NULL, NULL, 201, '2013-08-21 12:50:52', 2),
(84, NULL, NULL, NULL, NULL, 201, '2013-08-21 12:52:10', 0),
(85, '3262030.66566400 1377089667', 'Title2', NULL, NULL, 203, '2013-08-21 12:54:27', 2),
(86, NULL, NULL, NULL, NULL, 203, '2013-08-21 12:54:50', 0),
(87, '9582050.91461500 1377093059', 'Title2', NULL, NULL, 205, '2013-08-21 13:50:59', 2),
(88, NULL, NULL, NULL, NULL, 205, '2013-08-21 13:51:02', 0),
(89, '8792070.02525300 1377093223', 'title 1', 'tag', NULL, 207, '2013-08-21 13:53:43', 2),
(90, NULL, NULL, NULL, NULL, 207, '2013-08-21 13:53:45', 0),
(91, '5222090.13308300 1377093794', 'title 1', 'tag', NULL, 209, '2013-08-21 14:03:14', 2),
(92, NULL, NULL, NULL, NULL, 209, '2013-08-21 14:03:16', 0),
(93, '8102110.38749000 1377093890', 'title 1', 'tag', NULL, 211, '2013-08-21 14:04:50', 2),
(94, NULL, NULL, NULL, NULL, 211, '2013-08-21 14:04:52', 0),
(95, '3112130.75383300 1377093990', 'title 1', 'tag', NULL, 213, '2013-08-21 14:06:30', 2),
(96, NULL, NULL, NULL, NULL, 213, '2013-08-21 14:06:33', 0),
(97, '3942150.86485300 1377094144', 'title 1', 'tag', NULL, 215, '2013-08-21 14:09:04', 2),
(98, NULL, NULL, NULL, NULL, 215, '2013-08-21 14:09:08', 0),
(99, '1762170.06385100 1377094257', 'title 1', 'tag', NULL, 217, '2013-08-21 14:10:57', 2),
(100, NULL, NULL, NULL, NULL, 217, '2013-08-21 14:10:59', 0),
(101, NULL, NULL, NULL, NULL, 219, '2013-08-21 14:27:05', 0),
(102, NULL, NULL, NULL, NULL, 221, '2013-08-21 14:33:16', 0),
(103, NULL, NULL, NULL, NULL, 223, '2013-08-21 14:38:48', 0),
(104, '6502250.01252000 1377096475', 'title 1', 'tag', NULL, 225, '2013-08-21 14:47:55', 2),
(105, NULL, NULL, NULL, NULL, 225, '2013-08-21 14:47:59', 0),
(106, '412270.28719900 1377199673', 'title 1', 'tag', NULL, 227, '2013-08-22 19:27:53', 2),
(107, NULL, NULL, NULL, NULL, 227, '2013-08-22 19:27:56', 0),
(114, NULL, NULL, NULL, NULL, 128, '2013-08-28 05:35:41', 0),
(115, '4503840.19713000 1377692528', 'title 1', 'tag', NULL, 384, '2013-08-28 12:22:08', 2),
(116, NULL, NULL, NULL, NULL, 384, '2013-08-28 12:22:08', 0),
(117, '3213860.78674600 1377692568', 'title 1', 'tag', NULL, 386, '2013-08-28 12:22:48', 2),
(118, NULL, NULL, NULL, NULL, 386, '2013-08-28 12:22:49', 0),
(119, NULL, NULL, NULL, NULL, 429, '2013-08-28 16:15:53', 0),
(120, NULL, NULL, NULL, NULL, 432, '2013-08-28 16:19:45', 0),
(121, NULL, NULL, NULL, NULL, 434, '2013-08-28 16:24:39', 0),
(122, NULL, NULL, NULL, NULL, 436, '2013-08-29 07:53:57', 0),
(123, NULL, NULL, NULL, NULL, 440, '2013-08-29 07:58:40', 0),
(124, NULL, NULL, NULL, NULL, 442, '2013-08-29 07:59:19', 0),
(125, NULL, NULL, NULL, NULL, 445, '2013-08-29 08:08:13', 0),
(126, NULL, NULL, NULL, NULL, 447, '2013-08-29 08:44:38', 0),
(127, NULL, NULL, NULL, NULL, 449, '2013-08-29 08:46:37', 0),
(128, NULL, NULL, NULL, NULL, 451, '2013-08-29 08:49:13', 0),
(129, NULL, NULL, NULL, NULL, 453, '2013-08-29 08:51:55', 0),
(130, NULL, NULL, NULL, NULL, 456, '2013-08-29 08:52:55', 0),
(131, NULL, NULL, NULL, NULL, 458, '2013-08-29 08:56:53', 0),
(132, NULL, NULL, NULL, NULL, 460, '2013-08-29 08:57:46', 0),
(133, NULL, NULL, NULL, NULL, 462, '2013-08-29 08:59:02', 0),
(134, NULL, NULL, NULL, NULL, 464, '2013-08-29 09:05:22', 0),
(135, NULL, NULL, NULL, NULL, 468, '2013-08-29 09:10:52', 0),
(136, NULL, NULL, NULL, NULL, 470, '2013-08-29 09:12:07', 0),
(137, NULL, NULL, NULL, NULL, 472, '2013-08-29 09:16:59', 0),
(138, NULL, NULL, NULL, NULL, 474, '2013-08-29 09:39:14', 0),
(139, NULL, NULL, NULL, NULL, 476, '2013-08-29 09:41:34', 0),
(140, NULL, NULL, NULL, NULL, 477, '2013-11-12 14:43:39', 1),
(141, 'rrg', NULL, 'qwdcwq', NULL, 478, '2013-11-13 06:53:29', 1),
(142, NULL, '42', '13', NULL, 479, '2013-11-13 10:38:56', 1),
(143, NULL, NULL, NULL, NULL, 479, '2013-11-13 11:14:38', 0),
(144, NULL, NULL, NULL, NULL, 479, '2013-11-13 11:16:25', 0),
(145, NULL, NULL, NULL, NULL, 479, '2013-11-13 11:34:03', 0),
(146, '8234810.98986100 1384353146', '12', NULL, NULL, 481, '2013-11-13 14:32:27', 0),
(147, '8194810.62616000 1384353198', '12', NULL, NULL, 481, '2013-11-13 14:33:18', 0),
(148, '454830.24350100 1384414813', NULL, NULL, NULL, 483, '2013-11-14 07:40:13', 0),
(149, '3494830.44354000 1384416063', NULL, NULL, NULL, 483, '2013-11-14 08:01:03', 0),
(150, '4474830.87158400 1384416071', NULL, NULL, NULL, 483, '2013-11-14 08:01:11', 0),
(151, '2194830.89812200 1384416211', NULL, NULL, NULL, 483, '2013-11-14 08:03:31', 0),
(152, '1294830.10435200 1384416212', NULL, NULL, NULL, 483, '2013-11-14 08:03:32', 0),
(153, '1014830.27720700 1384416592', NULL, NULL, NULL, 483, '2013-11-14 08:09:52', 0),
(154, '5504830.23310200 1384416990', NULL, NULL, NULL, 483, '2013-11-14 08:16:30', 0),
(155, '7484830.96025900 1384417156', NULL, NULL, NULL, 483, '2013-11-14 08:19:16', 2),
(156, '8394830.50681400 1384419199', NULL, NULL, NULL, 483, '2013-11-14 08:53:19', 2),
(157, '6764830.02450100 1384419555', NULL, NULL, NULL, 483, '2013-11-14 08:59:15', 1),
(158, '5074830.38550300 1384419950', NULL, NULL, NULL, 483, '2013-11-14 09:05:50', 1),
(159, '1394830.00773000 1384422884', NULL, NULL, NULL, 483, '2013-11-14 09:54:44', 1),
(160, '4974830.07870100 1384422984', NULL, NULL, NULL, 483, '2013-11-14 09:56:24', 1),
(161, NULL, NULL, NULL, NULL, 483, '2013-11-14 10:19:06', 0),
(162, '7534830.35528900 1384428866', NULL, NULL, NULL, 483, '2013-11-14 11:34:26', 1),
(163, '3434830.26959500 1384428894', NULL, NULL, NULL, 483, '2013-11-14 11:34:54', 1),
(164, '7904830.13669700 1384428946', NULL, NULL, NULL, 483, '2013-11-14 11:35:46', 1),
(165, '5254830.88709300 1384429066', NULL, NULL, NULL, 483, '2013-11-14 11:37:46', 1),
(166, '5784830.32375200 1384431474', NULL, NULL, NULL, 483, '2013-11-14 12:17:54', 1),
(167, '8394830.91970500 1384431483', NULL, NULL, NULL, 483, '2013-11-14 12:18:03', 1),
(168, '1464830.20181300 1384431492', NULL, NULL, NULL, 483, '2013-11-14 12:18:12', 1),
(169, '4884830.83727200 1384431531', NULL, NULL, NULL, 483, '2013-11-14 12:18:51', 1),
(170, '9594830.29223300 1384431537', NULL, NULL, NULL, 483, '2013-11-14 12:18:57', 1),
(171, '6544830.32732000 1384431576', NULL, NULL, NULL, 483, '2013-11-14 12:19:36', 1),
(172, '3494830.52734900 1384431826', NULL, NULL, NULL, 483, '2013-11-14 12:23:46', 1),
(173, '8474830.01030800 1384431872', NULL, NULL, NULL, 483, '2013-11-14 12:24:32', 1),
(178, '7144830.69852400 1384434631', NULL, NULL, NULL, 483, '2013-11-14 13:10:31', 1),
(179, '6604830.50503700 1384434664', NULL, NULL, NULL, 483, '2013-11-14 13:11:04', 1),
(181, '1544830.27590500 1384434896', NULL, NULL, NULL, 483, '2013-11-14 13:14:56', 1),
(182, '5414830.25790500 1384435482', NULL, NULL, NULL, 483, '2013-11-14 13:24:42', 1),
(183, '9974830.51141000 1384435544', NULL, NULL, NULL, 483, '2013-11-14 13:25:44', 1),
(184, '1604830.05101300 1384437867', NULL, NULL, NULL, 483, '2013-11-14 14:04:27', 1),
(185, '8154830.76901600 1384438174', NULL, NULL, NULL, 483, '2013-11-14 14:09:34', 1),
(186, '7024830.30958400 1384438176', NULL, NULL, NULL, 483, '2013-11-14 14:09:36', 1),
(187, '8484830.64174000 1384438182', NULL, NULL, NULL, 483, '2013-11-14 14:09:42', 2),
(188, '5814830.46477500 1384438188', NULL, NULL, NULL, 483, '2013-11-14 14:09:48', 2),
(189, '9744830.35086900 1384438311', NULL, NULL, NULL, 483, '2013-11-14 14:11:51', 1),
(190, '384830.37491400 1384438315', NULL, NULL, NULL, 483, '2013-11-14 14:11:55', 2),
(191, '2254830.17262800 1384438320', NULL, NULL, NULL, 483, '2013-11-14 14:12:00', 2),
(192, '3544830.63548200 1384438396', NULL, NULL, NULL, 483, '2013-11-14 14:13:16', 1),
(193, '4884830.01777700 1384438401', NULL, NULL, NULL, 483, '2013-11-14 14:13:21', 2),
(194, '2564830.14943000 1384439031', NULL, NULL, NULL, 483, '2013-11-14 14:23:51', 2),
(195, '2374830.33156400 1384439034', NULL, NULL, NULL, 483, '2013-11-14 14:23:54', 2),
(196, '1014830.21904700 1384439246', NULL, NULL, NULL, 483, '2013-11-14 14:27:26', 2),
(197, '5254830.09162200 1384439275', NULL, NULL, NULL, 483, '2013-11-14 14:27:55', 2),
(198, '1844830.93781900 1384439354', NULL, NULL, NULL, 483, '2013-11-14 14:29:14', 2),
(199, '9384830.57049600 1384439358', NULL, NULL, NULL, 483, '2013-11-14 14:29:18', 1),
(200, '1944830.04311300 1384440144', NULL, NULL, NULL, 483, '2013-11-14 14:42:24', 2),
(201, '754830.04102800 1384440327', NULL, NULL, NULL, 483, '2013-11-14 14:45:27', 2),
(202, '2634830.26447100 1384443625', NULL, NULL, NULL, 483, '2013-11-14 15:40:25', 2),
(203, '3644830.86438500 1384444107', NULL, NULL, NULL, 483, '2013-11-14 15:48:27', 2),
(204, '134830.64533800 1384445018', NULL, NULL, NULL, 483, '2013-11-14 16:03:38', 2),
(205, '34830.46968100 1384445422', NULL, NULL, NULL, 483, '2013-11-14 16:10:22', 2),
(206, '7144830.21297000 1384445499', NULL, NULL, NULL, 483, '2013-11-14 16:11:39', 2),
(207, '2094830.28611400 1384445504', NULL, NULL, NULL, 483, '2013-11-14 16:11:44', 2),
(208, '1744840.90972400 1384501845', NULL, NULL, NULL, 484, '2013-11-15 07:50:45', 2),
(209, '7754840.91508700 1384501848', NULL, NULL, NULL, 484, '2013-11-15 07:50:48', 2),
(210, '4694840.84016500 1384502141', NULL, NULL, NULL, 484, '2013-11-15 07:55:41', 2),
(211, '5434850.58155200 1384502416', NULL, NULL, NULL, 485, '2013-11-15 08:00:16', 1),
(212, '8854850.95355400 1384502421', NULL, NULL, NULL, 485, '2013-11-15 08:00:21', 1),
(213, '5954860.30118400 1384508781', NULL, NULL, NULL, 486, '2013-11-15 09:46:21', 2),
(214, '4424860.12295700 1384508801', NULL, NULL, NULL, 486, '2013-11-15 09:46:41', 1),
(215, '6814860.21752600 1384510036', NULL, NULL, NULL, 486, '2013-11-15 10:07:16', 1),
(216, '6194860.07550800 1384510038', NULL, NULL, NULL, 486, '2013-11-15 10:07:18', 1),
(217, '8314880.72526800 1384522048', NULL, NULL, NULL, 488, '2013-11-15 13:27:28', 1),
(218, '9574880.67675500 1384522790', NULL, NULL, NULL, 488, '2013-11-15 13:39:50', 1),
(219, '2994880.34257600 1384522797', NULL, NULL, NULL, 488, '2013-11-15 13:39:57', 1),
(220, '2454880.51901000 1384522801', NULL, NULL, NULL, 488, '2013-11-15 13:40:01', 1),
(221, '7084880.88239800 1384523002', NULL, NULL, NULL, 488, '2013-11-15 13:43:22', 1),
(222, '9814880.65165200 1384523053', '311', NULL, NULL, 488, '2013-11-15 13:44:13', 1),
(223, '9484880.21413500 1384523069', '311', NULL, NULL, 488, '2013-11-15 13:44:29', 1),
(224, '6804880.06528600 1384523123', '311', NULL, NULL, 488, '2013-11-15 13:45:23', 1),
(225, '7134880.61865500 1384523142', '311', NULL, NULL, 488, '2013-11-15 13:45:42', 1),
(226, '5044880.06486500 1384523297', '311', NULL, NULL, 488, '2013-11-15 13:48:17', 1),
(227, '6284880.71626100 1384523421', '311', NULL, NULL, 488, '2013-11-15 13:50:21', 1),
(228, '9504880.22217900 1384523447', '311', NULL, NULL, 488, '2013-11-15 13:50:47', 1),
(229, '9814880.38192000 1384523813', '311', NULL, NULL, 488, '2013-11-15 13:56:53', 1),
(230, '3624880.83583200 1384523906', '311', NULL, NULL, 488, '2013-11-15 13:58:26', 1),
(231, '6724880.38734300 1384524370', '311', NULL, NULL, 488, '2013-11-15 14:06:10', 1),
(232, '2234880.70518800 1384524378', '323211', NULL, NULL, 488, '2013-11-15 14:06:18', 1),
(233, '6244880.70008700 1384524989', '323211', NULL, NULL, 488, '2013-11-15 14:16:29', 1),
(234, '295752ae1de2560d71b9737eb919747ba9e0.57527400 1377767352', NULL, NULL, NULL, 489, '2013-11-18 12:56:32', 0),
(236, '736822c4ca4238a0b0.27541800 1384521750', NULL, NULL, NULL, 490, '2013-11-18 14:16:00', 0),
(238, '374822cdvsda4238a0b0.79884800 1384521936', NULL, NULL, NULL, 490, '2013-11-18 14:18:04', 0),
(239, '4954930.27403900 1384935297', '222', NULL, NULL, 493, '2013-11-20 08:14:57', 1),
(243, '390822cdvs3da4238a0b10.31462400 1384784089', NULL, NULL, NULL, 493, '2013-11-20 08:26:31', 1),
(244, 'cdvsda4238a0b10.22075800 1384861099', NULL, NULL, NULL, 494, '2013-11-20 10:05:22', 0),
(247, '500822cdvsda4238a0b10.20812401 1384849437', NULL, NULL, NULL, 494, '2013-11-20 10:10:35', 0),
(251, '167822cdvsda4238a0b10.54653300 1384942699', NULL, NULL, NULL, 494, '2013-11-20 10:18:31', 0),
(252, '484822cdvsda4238a0b10.24943000 13849427242', NULL, NULL, NULL, 494, '2013-11-20 10:18:54', 0),
(254, '484822cdvsda4238a0b10.24943000 138494272', NULL, NULL, NULL, 494, '2013-11-20 10:21:00', 0),
(256, '484822cdvsda4238a0b10.24943000 138494271', NULL, NULL, NULL, 494, '2013-11-20 10:21:35', 0),
(257, '484822cdvsda4238a0b10.24943000 138494272133', NULL, NULL, NULL, 494, '2013-11-20 10:22:15', 0),
(258, '484822cdvsda4238a0b10.24943000 1384', NULL, NULL, NULL, 494, '2013-11-20 10:23:04', 0),
(260, '484822cdvsda4238a0b10.249430', NULL, NULL, NULL, 494, '2013-11-20 10:24:14', 0),
(261, '3484822cdvsda4238a0b10.24943000 1384942724', NULL, NULL, NULL, 494, '2013-11-20 10:25:33', 0),
(262, '8484822cdvsda4238a0b10.24943000 1384942724', NULL, NULL, NULL, 494, '2013-11-20 10:26:20', 0),
(263, '7sda4238a0b10.24943000 1384942724', NULL, NULL, NULL, 494, '2013-11-20 10:27:10', 0),
(264, '484822cdvsda4238a0b10.24943000 13844', NULL, NULL, NULL, 494, '2013-11-20 10:27:46', 0),
(265, '484822238a0b10.24943000 1384942724', NULL, NULL, NULL, 494, '2013-11-20 10:29:16', 0),
(267, '484822cdvsda4238a0b10.2484942724', NULL, NULL, NULL, 494, '2013-11-20 10:29:52', 0),
(268, '4b10.24943000 1384942724', NULL, NULL, NULL, 494, '2013-11-20 10:31:02', 0),
(269, '484822cdvsda4238a0b10.24943000 1384942', NULL, NULL, NULL, 494, '2013-11-20 10:32:05', 0),
(271, '484822cdvsda4238a0b10.2494304942724', NULL, NULL, NULL, 494, '2013-11-20 10:33:18', 0),
(272, '484822cdvsda4238a42724', NULL, NULL, NULL, 494, '2013-11-20 10:35:11', 0),
(275, '484822cdvsda424943000 1384942724', NULL, NULL, NULL, 494, '2013-11-20 10:38:47', 0),
(276, '484822cdvsda42u0.24943000 1384942724', NULL, NULL, NULL, 494, '2013-11-20 10:39:42', 0),
(277, '484822cdvsda4238a0b10.24943000 138424', NULL, NULL, NULL, 494, '2013-11-20 10:40:25', 0),
(278, '484822cdvsda4238a0b10.24943000 1384942724', NULL, NULL, NULL, 494, '2013-11-20 10:41:59', 0),
(279, '581758', NULL, NULL, NULL, 494, '2013-11-20 10:43:27', 0),
(280, '152752ae1de2560d718', NULL, NULL, NULL, 494, '2013-11-20 10:48:12', 0),
(281, '152752ae1de2560d71b9737eb919747ba9e0.25968200 1377766611', NULL, NULL, NULL, 494, '2013-11-20 10:51:24', 0),
(282, '905822cdvsda4238a0b10.93974000 13849469', NULL, NULL, NULL, 497, '2013-11-20 10:58:51', 0),
(283, '185000.56819100 1385624047', 'chat', NULL, NULL, 500, '2013-11-28 07:34:07', 0),
(284, '188822cdvsda4238a0b10.81366500 1385623656-', NULL, NULL, NULL, 500, '2013-11-28 07:36:18', 0),
(287, '905822cdvsda4238a0b10.93974000 138494486', NULL, NULL, NULL, 500, '2013-11-28 07:59:22', 0),
(288, '905822cdvsda4238a0b10.93974000 13849448', NULL, NULL, NULL, 500, '2013-11-28 08:00:52', 0),
(289, '905822cdvsda4238a0b10.93974000 1384944', NULL, NULL, NULL, 500, '2013-11-28 08:02:07', 0),
(290, '905822cdvsda4238a0b10.93974000 1384', NULL, NULL, NULL, 500, '2013-11-28 08:03:09', 0),
(291, '905822cdvsda4238a0b10.93974000 ', NULL, NULL, NULL, 500, '2013-11-28 08:04:46', 0),
(292, '905822cdvsda4238a0b10.93974000 13849', NULL, NULL, NULL, 500, '2013-11-28 08:05:33', 0),
(294, '500822cdvsda4238a0b10.20812400 1384849437', NULL, NULL, NULL, 500, '2013-11-28 09:01:12', 0),
(296, '119822cdvsda4238a0b10.22075800 1384861099', NULL, NULL, NULL, 500, '2013-11-28 09:03:38', 0),
(297, '717752ae1de2560d71b9737eb919747ba9e0.89715500 1377696353', NULL, NULL, NULL, 501, '2013-11-29 07:30:12', 0),
(299, '374752ae1de2560d71b9737eb919747ba9e0.06692500 1377696550', NULL, NULL, NULL, 502, '2013-12-02 09:51:21', 0),
(301, '137752ae1de2560d71b9737eb919747ba9e0.56853200 1377069412', NULL, NULL, NULL, 503, '2013-12-02 11:40:36', 0),
(302, '7801195b73db9688b856e2a0444b1de43060.69036600 1377079965', NULL, NULL, NULL, 503, '2013-12-02 11:44:47', 0),
(303, '512752ae1de2560d71b9737eb919747ba9e0.01114100 1377080524', NULL, NULL, NULL, 503, '2013-12-02 11:45:20', 0),
(304, '5581195b73db9688b856e2a0444b1de43060.77745200 1377076987', NULL, NULL, NULL, 503, '2013-12-02 12:00:48', 0),
(305, '609752ae1de2560d71b9737eb919747ba9e0.56945300 1377077144', NULL, NULL, NULL, 503, '2013-12-02 12:04:20', 0),
(307, '6271195b73db9688b856e2a0444b1de43060.53331000 1377077150', NULL, NULL, NULL, 503, '2013-12-02 12:05:37', 0),
(308, '247752ae1de2560d71b9737eb919747ba9e0.97146100 1377077248', NULL, NULL, NULL, 503, '2013-12-02 12:06:06', 0),
(309, '3361195b73db9688b856e2a0444b1de43060.23937700 1377077454', NULL, NULL, NULL, 503, '2013-12-02 12:11:19', 0),
(310, 'qrcode123', NULL, NULL, NULL, 503, '2013-12-02 12:34:12', 0),
(311, 'progress', NULL, NULL, NULL, 503, '2013-12-02 12:49:14', 0),
(313, '41arseniy0.94460000 1375862082', NULL, NULL, NULL, 503, '2013-12-02 12:51:04', 0),
(314, '7431230.02528800 1374751253', NULL, NULL, NULL, 503, '2013-12-02 12:51:40', 0),
(315, '5721230.47821500 1374750901', NULL, NULL, NULL, 503, '2013-12-02 12:52:09', 0),
(316, '2981230.47804900 1376464919', NULL, NULL, NULL, 503, '2013-12-02 13:04:11', 0),
(318, '606752ae1de2560d71b9737eb919747ba9e0.26207500 1377080597', NULL, NULL, NULL, 504, '2013-12-02 14:43:13', 0),
(319, '215752ae1de2560d71b9737eb919747ba9e0.40468800 1377080616', NULL, NULL, NULL, 504, '2013-12-02 14:44:06', 0),
(320, '1291195b73db9688b856e2a0444b1de43060.61374400 1377080616', NULL, NULL, NULL, 504, '2013-12-02 14:48:16', 0),
(321, '354752ae1de2560d71b9737eb919747ba9e0.29920000 1377080634', NULL, NULL, NULL, 504, '2013-12-02 14:48:53', 0),
(322, '8651195b73db9688b856e2a0444b1de43060.72305300 1377080639', NULL, NULL, NULL, 504, '2013-12-02 14:49:27', 0),
(323, '506752ae1de2560d71b9737eb919747ba9e0.34444100 1377081145', NULL, NULL, NULL, 504, '2013-12-02 14:52:05', 0),
(325, '3281195b73db9688b856e2a0444b1de43060.17738500 1377081152', NULL, NULL, NULL, 505, '2013-12-03 10:56:30', 0),
(326, '8881195b73db9688b856e2a0444b1de43060.27677700 1377081417', NULL, NULL, NULL, 506, '2013-12-03 14:00:05', 0),
(327, NULL, NULL, NULL, NULL, 508, '2014-01-11 08:31:02', 0),
(328, NULL, NULL, NULL, NULL, 508, '2014-01-11 08:31:10', 0),
(329, NULL, NULL, NULL, NULL, 508, '2014-01-11 08:32:53', 0),
(330, NULL, NULL, NULL, NULL, 508, '2014-01-11 08:34:44', 0),
(331, NULL, NULL, NULL, NULL, 511, '2014-01-17 10:05:56', 0),
(332, NULL, NULL, NULL, NULL, 511, '2014-01-17 10:12:42', 0),
(333, NULL, NULL, NULL, NULL, 511, '2014-01-17 10:14:50', 0),
(334, NULL, NULL, NULL, NULL, 511, '2014-01-17 10:17:21', 0),
(335, NULL, NULL, NULL, NULL, 511, '2014-01-17 10:17:57', 0),
(336, NULL, NULL, NULL, NULL, 511, '2014-01-17 11:05:06', 0),
(337, NULL, NULL, NULL, NULL, 511, '2014-01-17 11:05:33', 0),
(338, NULL, NULL, NULL, NULL, 511, '2014-01-17 11:07:51', 0),
(339, NULL, NULL, NULL, NULL, 511, '2014-01-17 11:25:01', 0),
(340, NULL, NULL, NULL, NULL, 511, '2014-01-17 11:27:12', 0),
(341, NULL, NULL, NULL, NULL, 511, '2014-01-17 11:31:49', 0),
(342, NULL, NULL, NULL, NULL, 511, '2014-01-17 11:40:19', 0),
(343, NULL, NULL, NULL, NULL, 513, '2014-01-17 11:44:43', 0),
(344, NULL, NULL, NULL, NULL, 515, '2014-01-17 12:12:10', 0);

-- --------------------------------------------------------

--
-- Table structure for table `chat_member`
--

CREATE TABLE IF NOT EXISTS `chat_member` (
  `id` int(11) NOT NULL AUTO_INCREMENT,
  `chat_id` int(11) NOT NULL,
  `user_id` int(11) NOT NULL,
  `color` varchar(45) DEFAULT NULL,
  `title` varchar(45) DEFAULT NULL,
  PRIMARY KEY (`id`),
  KEY `fk_chat_member_chat1_idx` (`chat_id`),
  KEY `fk_chat_member_user1_idx` (`user_id`)
) ENGINE=InnoDB  DEFAULT CHARSET=utf8 AUTO_INCREMENT=468 ;

--
-- Dumping data for table `chat_member`
--

INSERT INTO `chat_member` (`id`, `chat_id`, `user_id`, `color`, `title`) VALUES
(31, 6, 128, NULL, NULL),
(51, 53, 130, NULL, NULL),
(57, 53, 1, 'black or white', 'my title new'),
(58, 1, 132, NULL, NULL),
(59, 1, 128, NULL, NULL),
(63, 66, 132, NULL, NULL),
(68, 71, 128, NULL, NULL),
(69, 71, 1, NULL, NULL),
(70, 71, 134, NULL, NULL),
(71, 72, 181, NULL, NULL),
(72, 73, 183, NULL, NULL),
(73, 74, 185, NULL, NULL),
(74, 75, 187, NULL, NULL),
(75, 76, 189, NULL, NULL),
(76, 77, 191, NULL, NULL),
(77, 78, 193, NULL, NULL),
(78, 78, 192, NULL, NULL),
(79, 79, 195, NULL, NULL),
(80, 79, 194, NULL, NULL),
(81, 80, 197, NULL, NULL),
(82, 80, 196, NULL, NULL),
(83, 81, 199, NULL, NULL),
(85, 82, 198, NULL, NULL),
(86, 82, 199, NULL, NULL),
(87, 83, 201, NULL, NULL),
(89, 84, 200, NULL, NULL),
(90, 84, 201, NULL, NULL),
(91, 85, 203, NULL, NULL),
(93, 86, 202, NULL, NULL),
(94, 86, 203, NULL, NULL),
(95, 87, 205, NULL, NULL),
(97, 88, 204, NULL, NULL),
(98, 88, 205, NULL, NULL),
(99, 89, 207, '-12303292', 'Title2'),
(101, 90, 206, NULL, NULL),
(102, 90, 207, NULL, NULL),
(103, 91, 209, '-12303292', 'Title2'),
(105, 92, 208, NULL, NULL),
(106, 92, 209, NULL, NULL),
(107, 93, 211, '-12303292', 'Title2'),
(109, 94, 210, NULL, NULL),
(110, 94, 211, NULL, NULL),
(111, 95, 213, '-12303292', 'Title2'),
(113, 96, 212, NULL, NULL),
(114, 96, 213, NULL, NULL),
(115, 97, 215, '-12303292', 'Title2'),
(117, 98, 214, NULL, NULL),
(118, 98, 215, NULL, NULL),
(119, 99, 217, '-12303292', 'Title2'),
(121, 100, 216, NULL, NULL),
(122, 100, 217, NULL, NULL),
(123, 101, 218, NULL, NULL),
(124, 101, 219, NULL, NULL),
(125, 102, 220, NULL, NULL),
(126, 102, 221, NULL, NULL),
(127, 103, 222, NULL, NULL),
(128, 103, 223, NULL, NULL),
(129, 104, 225, '-12303292', 'Title2'),
(131, 105, 224, NULL, NULL),
(132, 105, 225, NULL, NULL),
(133, 106, 227, '-12303292', 'Title2'),
(135, 107, 226, NULL, NULL),
(136, 107, 227, NULL, NULL),
(149, 114, 1, NULL, NULL),
(150, 114, 128, NULL, NULL),
(151, 115, 384, '-12303292', 'Title2'),
(153, 116, 383, NULL, NULL),
(154, 116, 384, NULL, NULL),
(155, 117, 386, '-12303292', 'Title2'),
(157, 118, 385, NULL, NULL),
(158, 118, 386, NULL, NULL),
(159, 119, 428, NULL, NULL),
(160, 119, 429, NULL, NULL),
(161, 120, 431, NULL, NULL),
(162, 120, 432, NULL, NULL),
(163, 121, 433, NULL, NULL),
(164, 121, 434, NULL, NULL),
(165, 122, 435, NULL, NULL),
(166, 122, 436, NULL, NULL),
(167, 123, 439, NULL, NULL),
(168, 123, 440, NULL, NULL),
(169, 124, 441, NULL, NULL),
(170, 124, 442, NULL, NULL),
(171, 125, 444, NULL, NULL),
(172, 125, 445, NULL, NULL),
(173, 126, 446, NULL, NULL),
(174, 126, 447, NULL, NULL),
(175, 127, 448, NULL, NULL),
(176, 127, 449, NULL, NULL),
(177, 128, 450, NULL, NULL),
(178, 128, 451, NULL, NULL),
(179, 129, 452, NULL, NULL),
(180, 129, 453, NULL, NULL),
(181, 130, 455, NULL, NULL),
(182, 130, 456, NULL, NULL),
(183, 131, 457, NULL, NULL),
(184, 131, 458, NULL, NULL),
(185, 132, 459, NULL, NULL),
(186, 132, 460, NULL, NULL),
(187, 133, 461, NULL, NULL),
(188, 133, 462, NULL, NULL),
(189, 134, 463, NULL, NULL),
(190, 134, 464, NULL, NULL),
(191, 135, 467, NULL, NULL),
(192, 135, 468, NULL, NULL),
(193, 136, 469, NULL, NULL),
(194, 136, 470, NULL, NULL),
(195, 137, 471, NULL, NULL),
(196, 137, 472, NULL, NULL),
(197, 138, 473, NULL, NULL),
(198, 138, 474, NULL, NULL),
(199, 139, 475, NULL, NULL),
(201, 140, 477, 'qqeweq', 'qweqweqw'),
(202, 141, 478, NULL, '53553'),
(203, 142, 479, '475', '22'),
(204, 143, 479, NULL, NULL),
(205, 143, 479, NULL, NULL),
(206, 144, 469, NULL, NULL),
(207, 144, 479, NULL, NULL),
(208, 145, 480, NULL, NULL),
(209, 145, 479, NULL, NULL),
(210, 146, 481, NULL, NULL),
(211, 147, 481, NULL, NULL),
(212, 148, 483, NULL, NULL),
(213, 151, 478, NULL, NULL),
(214, 151, 483, NULL, NULL),
(215, 152, 483, NULL, NULL),
(216, 153, 478, NULL, NULL),
(217, 153, 483, NULL, NULL),
(218, 154, 478, NULL, NULL),
(219, 154, 483, NULL, NULL),
(220, 155, 478, NULL, NULL),
(221, 155, 483, NULL, NULL),
(222, 156, 478, NULL, NULL),
(223, 156, 483, NULL, NULL),
(224, 157, 475, NULL, NULL),
(225, 157, 483, NULL, NULL),
(226, 158, 475, NULL, NULL),
(227, 158, 483, NULL, NULL),
(228, 159, 475, NULL, NULL),
(229, 159, 483, NULL, NULL),
(230, 160, 475, NULL, NULL),
(231, 160, 483, NULL, NULL),
(232, 161, 467, NULL, NULL),
(233, 161, 483, NULL, NULL),
(234, 162, 475, NULL, NULL),
(235, 162, 483, NULL, NULL),
(236, 163, 475, NULL, NULL),
(237, 163, 483, NULL, NULL),
(238, 164, 475, NULL, NULL),
(239, 164, 483, NULL, NULL),
(240, 165, 475, NULL, NULL),
(241, 165, 483, NULL, NULL),
(242, 166, 476, NULL, NULL),
(243, 166, 483, NULL, NULL),
(244, 167, 476, NULL, NULL),
(245, 167, 483, NULL, NULL),
(246, 168, 476, NULL, NULL),
(247, 168, 483, NULL, NULL),
(248, 169, 476, NULL, NULL),
(249, 169, 483, NULL, NULL),
(250, 170, 476, NULL, NULL),
(251, 170, 483, NULL, NULL),
(252, 171, 476, NULL, NULL),
(253, 171, 483, NULL, NULL),
(254, 172, 476, NULL, NULL),
(255, 172, 483, NULL, NULL),
(256, 173, 476, NULL, NULL),
(257, 173, 483, NULL, NULL),
(258, 178, 476, NULL, NULL),
(259, 178, 483, NULL, NULL),
(260, 179, 476, NULL, NULL),
(261, 179, 483, NULL, NULL),
(262, 181, 476, NULL, NULL),
(263, 181, 483, NULL, NULL),
(264, 182, 476, NULL, NULL),
(265, 182, 483, NULL, NULL),
(266, 183, 476, NULL, NULL),
(267, 183, 483, NULL, NULL),
(268, 184, 476, NULL, NULL),
(269, 184, 483, NULL, NULL),
(270, 185, 476, NULL, NULL),
(271, 185, 483, NULL, NULL),
(272, 186, 476, NULL, NULL),
(273, 186, 483, NULL, NULL),
(274, 187, 476, NULL, NULL),
(275, 187, 483, NULL, NULL),
(276, 188, 476, NULL, NULL),
(277, 188, 483, NULL, NULL),
(278, 189, 476, NULL, NULL),
(279, 189, 483, NULL, NULL),
(280, 190, 476, NULL, NULL),
(281, 190, 483, NULL, NULL),
(282, 191, 476, NULL, NULL),
(283, 191, 483, NULL, NULL),
(284, 192, 476, NULL, NULL),
(285, 192, 483, NULL, NULL),
(286, 193, 476, NULL, NULL),
(287, 193, 483, NULL, NULL),
(288, 194, 477, NULL, NULL),
(289, 194, 483, NULL, NULL),
(290, 195, 477, NULL, NULL),
(291, 195, 483, NULL, NULL),
(292, 196, 477, NULL, NULL),
(293, 196, 483, NULL, NULL),
(294, 197, 477, NULL, NULL),
(295, 197, 483, NULL, NULL),
(296, 198, 477, NULL, NULL),
(297, 198, 483, NULL, NULL),
(298, 199, 477, NULL, NULL),
(299, 199, 483, NULL, NULL),
(300, 200, 477, NULL, NULL),
(301, 200, 483, NULL, NULL),
(302, 201, 457, NULL, NULL),
(303, 201, 483, NULL, NULL),
(304, 202, 477, NULL, NULL),
(305, 202, 483, NULL, NULL),
(306, 203, 477, NULL, NULL),
(307, 203, 483, NULL, NULL),
(308, 204, 477, NULL, NULL),
(309, 204, 483, NULL, NULL),
(310, 205, 477, NULL, NULL),
(311, 205, 483, NULL, NULL),
(312, 206, 477, NULL, NULL),
(313, 206, 483, NULL, NULL),
(314, 207, 477, NULL, NULL),
(315, 207, 483, NULL, NULL),
(316, 208, 477, NULL, NULL),
(317, 208, 484, NULL, NULL),
(318, 209, 477, NULL, NULL),
(319, 209, 484, NULL, NULL),
(320, 210, 477, NULL, NULL),
(321, 210, 484, NULL, NULL),
(322, 211, 475, NULL, NULL),
(323, 211, 485, NULL, NULL),
(324, 212, 475, NULL, NULL),
(325, 212, 485, NULL, NULL),
(326, 213, 475, NULL, NULL),
(327, 213, 486, NULL, NULL),
(328, 214, 475, NULL, NULL),
(329, 214, 486, NULL, NULL),
(330, 215, 475, NULL, NULL),
(331, 215, 486, NULL, NULL),
(332, 216, 475, NULL, NULL),
(333, 216, 486, NULL, NULL),
(334, 217, 466, NULL, NULL),
(335, 217, 488, NULL, NULL),
(336, 218, 466, NULL, NULL),
(337, 218, 488, NULL, NULL),
(338, 219, 466, NULL, NULL),
(339, 219, 488, NULL, NULL),
(340, 220, 466, NULL, NULL),
(341, 220, 488, NULL, NULL),
(342, 221, 466, NULL, NULL),
(343, 221, 488, NULL, NULL),
(344, 222, 466, NULL, NULL),
(345, 222, 488, NULL, NULL),
(346, 223, 466, NULL, NULL),
(347, 223, 488, NULL, NULL),
(348, 224, 466, NULL, NULL),
(349, 224, 488, NULL, NULL),
(350, 225, 466, NULL, NULL),
(351, 225, 488, NULL, NULL),
(352, 226, 466, NULL, NULL),
(353, 226, 488, NULL, NULL),
(354, 230, 466, NULL, NULL),
(355, 230, 488, NULL, NULL),
(356, 231, 466, NULL, NULL),
(357, 231, 488, NULL, NULL),
(358, 232, 466, NULL, NULL),
(359, 232, 488, NULL, NULL),
(360, 233, 466, NULL, NULL),
(361, 233, 488, NULL, NULL),
(362, 234, 466, NULL, NULL),
(363, 234, 489, NULL, NULL),
(364, 236, 487, NULL, NULL),
(365, 236, 490, NULL, NULL),
(366, 236, 487, NULL, NULL),
(367, 236, 490, NULL, NULL),
(368, 238, 488, NULL, NULL),
(369, 238, 490, NULL, NULL),
(370, 238, 493, NULL, NULL),
(371, 238, 490, NULL, NULL),
(372, 239, 493, NULL, NULL),
(373, 243, 490, NULL, NULL),
(374, 243, 493, NULL, NULL),
(375, 244, 492, NULL, NULL),
(376, 244, 494, NULL, NULL),
(377, 278, 496, NULL, NULL),
(378, 278, 494, NULL, NULL),
(379, 279, 458, NULL, NULL),
(380, 279, 494, NULL, NULL),
(381, 281, 457, NULL, NULL),
(382, 281, 494, NULL, NULL),
(383, 282, 498, NULL, NULL),
(384, 282, 497, NULL, NULL),
(385, 283, 500, NULL, NULL),
(386, 284, 499, NULL, NULL),
(387, 284, 500, NULL, NULL),
(388, 292, 498, NULL, NULL),
(389, 292, 500, NULL, NULL),
(390, 294, 491, NULL, NULL),
(391, 294, 500, NULL, NULL),
(392, 296, 492, NULL, NULL),
(393, 296, 500, NULL, NULL),
(394, 297, 398, NULL, NULL),
(395, 297, 501, NULL, NULL),
(396, 299, 402, NULL, NULL),
(397, 299, 502, NULL, NULL),
(398, 301, 137, NULL, NULL),
(399, 301, 503, NULL, NULL),
(400, 302, 154, NULL, NULL),
(401, 302, 503, NULL, NULL),
(402, 303, 155, NULL, NULL),
(403, 303, 503, NULL, NULL),
(404, 304, 144, NULL, NULL),
(405, 304, 503, NULL, NULL),
(406, 307, 146, NULL, NULL),
(407, 307, 503, NULL, NULL),
(408, 308, 147, NULL, NULL),
(409, 308, 503, NULL, NULL),
(410, 309, 148, NULL, NULL),
(411, 309, 503, NULL, NULL),
(412, 310, 128, NULL, NULL),
(413, 310, 503, NULL, NULL),
(414, 314, 131, NULL, NULL),
(415, 314, 503, NULL, NULL),
(416, 315, 130, NULL, NULL),
(417, 315, 503, NULL, NULL),
(418, 316, 133, NULL, NULL),
(419, 316, 503, NULL, NULL),
(420, 318, 157, NULL, NULL),
(421, 318, 504, NULL, NULL),
(422, 319, 158, NULL, NULL),
(423, 319, 504, NULL, NULL),
(424, 320, 159, NULL, NULL),
(425, 320, 504, NULL, NULL),
(426, 321, 160, NULL, NULL),
(427, 321, 504, NULL, NULL),
(428, 322, 161, NULL, NULL),
(429, 322, 504, NULL, NULL),
(430, 323, 162, NULL, NULL),
(431, 323, 504, NULL, NULL),
(432, 325, 163, NULL, NULL),
(433, 325, 505, NULL, NULL),
(434, 326, 165, NULL, NULL),
(435, 326, 506, NULL, NULL),
(436, 329, 505, NULL, NULL),
(437, 329, 508, NULL, NULL),
(438, 330, 509, NULL, NULL),
(439, 330, 508, NULL, NULL),
(440, 331, 510, NULL, NULL),
(441, 331, 511, NULL, NULL),
(442, 332, 509, NULL, NULL),
(443, 332, 511, NULL, NULL),
(444, 333, 506, NULL, NULL),
(445, 333, 511, NULL, NULL),
(446, 334, 504, NULL, NULL),
(447, 334, 511, NULL, NULL),
(448, 335, 503, NULL, NULL),
(449, 335, 511, NULL, NULL),
(450, 336, 485, NULL, NULL),
(451, 336, 511, NULL, NULL),
(452, 337, 484, NULL, NULL),
(453, 337, 511, NULL, NULL),
(454, 338, 477, NULL, NULL),
(455, 338, 511, NULL, NULL),
(456, 339, 478, NULL, NULL),
(457, 339, 511, NULL, NULL),
(458, 340, 479, NULL, NULL),
(459, 340, 511, NULL, NULL),
(460, 341, 496, NULL, NULL),
(461, 341, 511, NULL, NULL),
(462, 342, 491, NULL, NULL),
(463, 342, 511, NULL, NULL),
(464, 343, 512, NULL, NULL),
(465, 343, 513, NULL, NULL),
(466, 344, 514, NULL, NULL),
(467, 344, 515, NULL, NULL);

-- --------------------------------------------------------

--
-- Table structure for table `chat_user_settings`
--

CREATE TABLE IF NOT EXISTS `chat_user_settings` (
  `id` int(11) NOT NULL AUTO_INCREMENT,
  `chat_id` int(11) NOT NULL,
  `user_id` int(11) NOT NULL,
  `chat_height` varchar(30) NOT NULL,
  PRIMARY KEY (`id`),
  KEY `user_id` (`user_id`),
  KEY `chat_id` (`chat_id`)
) ENGINE=InnoDB  DEFAULT CHARSET=utf8 AUTO_INCREMENT=2 ;

--
-- Dumping data for table `chat_user_settings`
--

INSERT INTO `chat_user_settings` (`id`, `chat_id`, `user_id`, `chat_height`) VALUES
(1, 239, 493, '1234');

-- --------------------------------------------------------

--
-- Table structure for table `contact`
--

CREATE TABLE IF NOT EXISTS `contact` (
  `id` int(11) NOT NULL AUTO_INCREMENT,
  `user_id` int(11) NOT NULL,
  `contact_id` int(11) NOT NULL,
  `title` varchar(50) DEFAULT NULL,
  `color` int(11) DEFAULT NULL,
  `chat_id` int(11) NOT NULL,
  `who_init` int(11) NOT NULL,
  `state` tinyint(4) NOT NULL,
  `message` varchar(250) DEFAULT NULL,
  `public_name` varchar(250) DEFAULT NULL,
  `datetime` timestamp NULL DEFAULT CURRENT_TIMESTAMP,
  `location` varchar(250) DEFAULT NULL,
  PRIMARY KEY (`id`),
  KEY `fk_table1_user1_idx` (`user_id`),
  KEY `fk_table1_user2_idx` (`contact_id`),
  KEY `fk_contact_chat1_idx` (`chat_id`)
) ENGINE=InnoDB  DEFAULT CHARSET=utf8 AUTO_INCREMENT=447 ;

--
-- Dumping data for table `contact`
--

INSERT INTO `contact` (`id`, `user_id`, `contact_id`, `title`, `color`, `chat_id`, `who_init`, `state`, `message`, `public_name`, `datetime`, `location`) VALUES
(72, 128, 1, NULL, NULL, 114, 0, 0, NULL, NULL, NULL, NULL),
(73, 1, 128, NULL, NULL, 114, 0, 0, NULL, NULL, NULL, NULL),
(74, 384, 383, NULL, NULL, 116, 0, 0, NULL, NULL, NULL, NULL),
(75, 383, 384, NULL, NULL, 116, 0, 0, NULL, NULL, NULL, NULL),
(76, 386, 385, NULL, NULL, 118, 0, 0, NULL, NULL, NULL, NULL),
(77, 385, 386, NULL, NULL, 118, 0, 0, NULL, NULL, NULL, NULL),
(78, 429, 428, NULL, NULL, 119, 0, 0, NULL, NULL, NULL, NULL),
(79, 428, 429, NULL, NULL, 119, 0, 0, NULL, NULL, NULL, NULL),
(80, 432, 431, NULL, NULL, 120, 0, 0, NULL, NULL, NULL, NULL),
(81, 431, 432, NULL, NULL, 120, 0, 0, NULL, NULL, NULL, NULL),
(82, 434, 433, NULL, NULL, 121, 0, 0, NULL, NULL, NULL, NULL),
(83, 433, 434, NULL, NULL, 121, 0, 0, NULL, NULL, NULL, NULL),
(84, 436, 435, NULL, NULL, 122, 0, 0, NULL, NULL, NULL, NULL),
(85, 435, 436, NULL, NULL, 122, 0, 0, NULL, NULL, NULL, NULL),
(86, 440, 439, NULL, NULL, 123, 0, 0, NULL, NULL, NULL, NULL),
(87, 439, 440, NULL, NULL, 123, 0, 0, NULL, NULL, NULL, NULL),
(88, 442, 441, NULL, NULL, 124, 0, 0, NULL, NULL, NULL, NULL),
(89, 441, 442, NULL, NULL, 124, 0, 0, NULL, NULL, NULL, NULL),
(90, 445, 444, NULL, NULL, 125, 0, 0, NULL, NULL, NULL, NULL),
(91, 444, 445, NULL, NULL, 125, 0, 0, NULL, NULL, NULL, NULL),
(92, 447, 446, NULL, NULL, 126, 0, 0, NULL, NULL, NULL, NULL),
(93, 446, 447, NULL, NULL, 126, 0, 0, NULL, NULL, NULL, NULL),
(100, 456, 455, NULL, NULL, 130, 0, 0, NULL, NULL, NULL, NULL),
(101, 455, 456, NULL, NULL, 130, 0, 0, NULL, NULL, NULL, NULL),
(102, 458, 457, NULL, NULL, 131, 0, 0, NULL, NULL, NULL, NULL),
(103, 457, 458, NULL, NULL, 131, 0, 0, NULL, NULL, NULL, NULL),
(104, 460, 459, NULL, NULL, 132, 0, 0, NULL, NULL, NULL, NULL),
(105, 459, 460, NULL, NULL, 132, 0, 0, NULL, NULL, NULL, NULL),
(106, 462, 461, NULL, NULL, 133, 0, 0, NULL, NULL, NULL, NULL),
(107, 461, 462, NULL, NULL, 133, 0, 0, NULL, NULL, NULL, NULL),
(108, 464, 463, NULL, NULL, 134, 0, 0, NULL, NULL, NULL, NULL),
(109, 463, 464, NULL, NULL, 134, 0, 0, NULL, NULL, NULL, NULL),
(110, 468, 467, NULL, NULL, 135, 0, 0, NULL, NULL, NULL, NULL),
(111, 467, 468, NULL, NULL, 135, 0, 0, NULL, NULL, NULL, NULL),
(112, 470, 469, NULL, NULL, 136, 0, 0, NULL, NULL, NULL, NULL),
(113, 469, 470, NULL, NULL, 136, 0, 0, NULL, NULL, NULL, NULL),
(114, 472, 471, NULL, NULL, 137, 0, 0, NULL, NULL, NULL, NULL),
(115, 471, 472, NULL, NULL, 137, 0, 0, NULL, NULL, NULL, NULL),
(116, 474, 473, NULL, NULL, 138, 0, 0, NULL, NULL, NULL, NULL),
(117, 473, 474, NULL, NULL, 138, 0, 0, NULL, NULL, NULL, NULL),
(118, 476, 475, NULL, NULL, 139, 0, 0, NULL, NULL, NULL, NULL),
(119, 475, 476, NULL, NULL, 139, 0, 0, NULL, NULL, NULL, NULL),
(120, 477, 475, '24', 44, 140, 0, 0, NULL, NULL, NULL, NULL),
(127, 478, 474, '44', 444, 141, 0, 0, NULL, NULL, NULL, NULL),
(128, 479, 476, '55', 33, 142, 0, 0, NULL, NULL, NULL, NULL),
(129, 479, 479, NULL, NULL, 143, 0, 0, NULL, NULL, NULL, NULL),
(130, 479, 479, NULL, NULL, 143, 0, 0, NULL, NULL, NULL, NULL),
(131, 479, 469, NULL, NULL, 144, 0, 0, NULL, NULL, NULL, NULL),
(132, 469, 479, NULL, NULL, 144, 0, 0, NULL, NULL, NULL, NULL),
(133, 479, 480, NULL, NULL, 145, 0, 0, NULL, NULL, NULL, NULL),
(134, 480, 479, NULL, NULL, 145, 0, 0, NULL, NULL, NULL, NULL),
(154, 478, 477, NULL, NULL, 138, 478, 0, NULL, NULL, NULL, NULL),
(155, 478, 477, NULL, NULL, 138, 478, 0, NULL, NULL, NULL, NULL),
(167, 483, 478, NULL, 31, 151, 478, 0, NULL, NULL, NULL, NULL),
(168, 483, 478, NULL, 31, 151, 478, 0, NULL, NULL, NULL, NULL),
(169, 483, 478, NULL, 31, 153, 478, 0, NULL, NULL, NULL, NULL),
(170, 483, 478, NULL, 31, 153, 478, 0, NULL, NULL, NULL, NULL),
(171, 483, 478, NULL, 31, 154, 478, 0, NULL, NULL, NULL, NULL),
(172, 478, 483, NULL, 31, 154, 478, 0, NULL, NULL, NULL, NULL),
(173, 483, 478, NULL, 314, 155, 478, 0, NULL, NULL, NULL, NULL),
(174, 478, 483, NULL, 314, 155, 478, 0, NULL, NULL, NULL, NULL),
(175, 483, 478, NULL, 314, 156, 478, 0, NULL, NULL, NULL, NULL),
(176, 478, 483, NULL, 314, 156, 478, 0, NULL, NULL, NULL, NULL),
(177, 483, 475, NULL, 312, 157, 475, 0, NULL, NULL, NULL, NULL),
(178, 475, 483, NULL, 312, 157, 475, 0, NULL, NULL, NULL, NULL),
(179, 483, 475, NULL, 3124, 158, 483, 0, NULL, NULL, NULL, NULL),
(180, 475, 483, NULL, 3124, 158, 483, 0, NULL, NULL, NULL, NULL),
(181, 483, 475, NULL, 3124, 159, 483, 0, NULL, NULL, NULL, NULL),
(182, 475, 483, NULL, 3124, 159, 483, 0, NULL, NULL, NULL, NULL),
(183, 483, 475, NULL, 3124, 160, 483, 0, NULL, NULL, NULL, NULL),
(184, 475, 483, NULL, 3124, 160, 483, 0, NULL, NULL, NULL, NULL),
(185, 483, 467, NULL, NULL, 161, 0, 0, 'hallo', NULL, '2013-11-14 10:19:06', NULL),
(186, 467, 483, NULL, NULL, 161, 0, 0, NULL, NULL, '2013-11-14 10:19:06', NULL),
(187, 483, 475, NULL, 3124, 162, 483, 3, NULL, NULL, '2013-11-14 11:34:26', NULL),
(188, 475, 483, NULL, 3124, 162, 483, 3, NULL, NULL, '2013-11-14 11:34:26', NULL),
(189, 483, 475, NULL, 3124, 163, 483, 0, NULL, NULL, '2013-11-14 11:34:54', NULL),
(190, 475, 483, NULL, 3124, 163, 483, 0, NULL, NULL, '2013-11-14 11:34:54', NULL),
(191, 483, 475, NULL, 3124, 164, 483, 0, NULL, NULL, '2013-11-14 11:35:46', NULL),
(192, 475, 483, NULL, 3124, 164, 483, 0, NULL, NULL, '2013-11-14 11:35:46', NULL),
(193, 483, 475, NULL, 3124, 165, 483, 3, NULL, NULL, '2013-11-14 11:37:46', NULL),
(194, 475, 483, NULL, 3124, 165, 483, 3, NULL, NULL, '2013-11-14 11:37:46', NULL),
(196, 476, 483, NULL, 3124, 166, 483, 0, NULL, NULL, '2013-11-14 12:17:54', NULL),
(198, 476, 483, NULL, 3124, 167, 483, 0, NULL, NULL, '2013-11-14 12:18:04', NULL),
(200, 476, 483, NULL, 3124, 168, 483, 3, NULL, NULL, '2013-11-14 12:18:12', NULL),
(202, 476, 483, NULL, 3124, 169, 483, 0, NULL, NULL, '2013-11-14 12:18:51', NULL),
(204, 476, 483, NULL, 3124, 170, 483, 0, NULL, NULL, '2013-11-14 12:18:57', NULL),
(206, 476, 483, NULL, 3124, 171, 483, 3, NULL, NULL, '2013-11-14 12:19:36', NULL),
(210, 476, 483, NULL, 3124, 173, 483, 0, NULL, '1qefq', '2013-11-14 12:24:32', NULL),
(212, 476, 483, NULL, 3124, 178, 483, 0, NULL, '1qefq', '2013-11-14 13:10:31', NULL),
(214, 476, 483, NULL, 3124, 179, 483, 0, NULL, '1qefq', '2013-11-14 13:11:04', NULL),
(217, 476, 483, NULL, 3124, 181, 476, 0, NULL, '1qefq', '2013-11-14 13:14:56', NULL),
(219, 476, 483, NULL, 3124, 182, 476, 0, NULL, '1qefq', '2013-11-14 13:24:42', NULL),
(221, 476, 483, NULL, 3124, 183, 476, 0, NULL, '1qefq', '2013-11-14 13:25:44', NULL),
(223, 476, 483, NULL, 3124, 184, 476, 0, NULL, '1qefq', '2013-11-14 14:04:27', NULL),
(225, 476, 483, NULL, 3124, 185, 476, 0, NULL, '1qefq', '2013-11-14 14:09:34', NULL),
(227, 476, 483, NULL, 3124, 186, 476, 0, NULL, '1qefq', '2013-11-14 14:09:36', NULL),
(229, 476, 483, NULL, 3131, 187, 476, 0, NULL, '1qefq', '2013-11-14 14:09:42', NULL),
(231, 476, 483, NULL, 3131, 188, 476, 0, NULL, 'qwe', '2013-11-14 14:09:48', NULL),
(233, 476, 483, NULL, 3124, 189, 476, 0, NULL, '1qefq', '2013-11-14 14:11:51', NULL),
(235, 476, 483, NULL, 3124, 190, 476, 0, NULL, '1qefq', '2013-11-14 14:11:55', NULL),
(238, 483, 476, NULL, 3124, 192, 483, 3, NULL, '1qefq', '2013-11-14 14:13:16', NULL),
(239, 476, 483, NULL, 3124, 192, 476, 3, NULL, '1qefq', '2013-11-14 14:13:16', NULL),
(242, 483, 477, NULL, 3124, 194, 483, 0, NULL, '1311', '2013-11-14 14:23:51', NULL),
(243, 477, 483, NULL, 3124, 194, 477, 0, NULL, '1311', '2013-11-14 14:23:51', NULL),
(244, 483, 477, NULL, 3124, 195, 483, 1, NULL, '1311', '2013-11-14 14:23:54', NULL),
(245, 477, 483, NULL, 3124, 195, 477, 1, NULL, '1311', '2013-11-14 14:23:54', NULL),
(246, 483, 477, NULL, 3124, 196, 483, 0, NULL, '1311', '2013-11-14 14:27:26', NULL),
(247, 477, 483, NULL, 3124, 196, 477, 0, NULL, '1311', '2013-11-14 14:27:26', NULL),
(249, 483, 477, NULL, 3124, 197, 483, 0, NULL, NULL, '2013-11-14 14:27:55', NULL),
(250, 477, 483, NULL, 3124, 197, 477, 0, NULL, NULL, '2013-11-14 14:27:55', NULL),
(251, 483, 477, NULL, 3124, 198, 483, 0, NULL, NULL, '2013-11-14 14:29:15', NULL),
(252, 477, 483, NULL, 3124, 198, 483, 0, NULL, NULL, '2013-11-14 14:29:15', NULL),
(255, 483, 477, NULL, 11, 200, 483, 0, NULL, NULL, '2013-11-14 14:42:24', NULL),
(256, 477, 483, NULL, 11, 200, 483, 0, NULL, NULL, '2013-11-14 14:42:24', NULL),
(260, 483, 477, NULL, 11, 202, 483, 0, NULL, NULL, '2013-11-14 15:40:25', NULL),
(261, 477, 483, NULL, 11, 202, 483, 0, NULL, NULL, '2013-11-14 15:40:25', NULL),
(262, 483, 477, NULL, 11, 203, 483, 0, NULL, NULL, '2013-11-14 15:48:27', NULL),
(263, 477, 483, NULL, 11, 203, 483, 0, NULL, NULL, '2013-11-14 15:48:27', NULL),
(264, 483, 477, NULL, 11, 204, 483, 0, NULL, NULL, '2013-11-14 16:03:38', NULL),
(265, 477, 483, NULL, 11, 204, 483, 0, NULL, NULL, '2013-11-14 16:03:38', NULL),
(266, 483, 477, NULL, 11, 205, 483, 0, NULL, NULL, '2013-11-14 16:10:22', NULL),
(267, 477, 483, NULL, 11, 205, 483, 0, NULL, NULL, '2013-11-14 16:10:22', NULL),
(268, 483, 477, NULL, 11, 206, 483, 0, NULL, NULL, '2013-11-14 16:11:39', NULL),
(269, 477, 483, NULL, 11, 206, 483, 0, NULL, NULL, '2013-11-14 16:11:39', NULL),
(270, 483, 477, NULL, 11342, 207, 483, 0, NULL, NULL, '2013-11-14 16:11:44', NULL),
(271, 477, 483, NULL, 11342, 207, 483, 0, NULL, NULL, '2013-11-14 16:11:44', NULL),
(272, 484, 477, NULL, 11342, 208, 484, 0, NULL, NULL, '2013-11-15 07:50:45', NULL),
(273, 477, 484, NULL, 11342, 208, 484, 0, NULL, NULL, '2013-11-15 07:50:45', NULL),
(274, 484, 477, NULL, 11342, 209, 484, 0, NULL, NULL, '2013-11-15 07:50:49', NULL),
(275, 477, 484, NULL, 11342, 209, 484, 0, NULL, NULL, '2013-11-15 07:50:49', NULL),
(276, 484, 477, NULL, 11342, 210, 484, 0, NULL, NULL, '2013-11-15 07:55:41', NULL),
(277, 477, 484, NULL, 11342, 210, 484, 0, NULL, NULL, '2013-11-15 07:55:41', NULL),
(290, 488, 466, NULL, 121, 217, 488, 0, NULL, NULL, '2013-11-15 13:27:28', 'somewhere far away'),
(291, 466, 488, NULL, 121, 217, 488, 0, NULL, NULL, '2013-11-15 13:27:28', 'somewhere far away'),
(292, 488, 466, NULL, 121, 218, 488, 0, NULL, NULL, '2013-11-15 13:39:50', 'somewhere far away'),
(293, 466, 488, NULL, 121, 218, 488, 0, NULL, NULL, '2013-11-15 13:39:50', 'somewhere far away'),
(294, 488, 466, NULL, 1221, 219, 488, 0, NULL, NULL, '2013-11-15 13:39:57', 'somewhere far away'),
(295, 466, 488, NULL, 1221, 219, 488, 0, NULL, NULL, '2013-11-15 13:39:57', 'somewhere far away'),
(296, 488, 466, NULL, 1221, 220, 488, 0, NULL, NULL, '2013-11-15 13:40:01', '22'),
(297, 466, 488, NULL, 1221, 220, 488, 0, NULL, NULL, '2013-11-15 13:40:01', '22'),
(298, 488, 466, NULL, 1221, 221, 488, 0, NULL, NULL, '2013-11-15 13:43:22', '22'),
(299, 466, 488, NULL, 1221, 221, 488, 0, NULL, NULL, '2013-11-15 13:43:22', '22'),
(300, 488, 466, '311', 1221, 222, 488, 0, NULL, NULL, '2013-11-15 13:44:13', '22'),
(301, 466, 488, '311', 1221, 222, 488, 0, NULL, NULL, '2013-11-15 13:44:13', '22'),
(302, 488, 466, '311', 1221, 223, 488, 0, NULL, NULL, '2013-11-15 13:44:29', '22'),
(303, 466, 488, '311', 1221, 223, 488, 0, NULL, NULL, '2013-11-15 13:44:29', '22'),
(304, 488, 466, '311', 1221, 224, 488, 0, NULL, NULL, '2013-11-15 13:45:23', '22'),
(305, 466, 488, '311', 1221, 224, 488, 0, NULL, NULL, '2013-11-15 13:45:23', '22'),
(306, 488, 466, '311', 1221, 225, 488, 0, NULL, NULL, '2013-11-15 13:45:42', '22'),
(307, 466, 488, '311', 1221, 225, 488, 0, NULL, NULL, '2013-11-15 13:45:42', '22'),
(308, 488, 466, '311', 1221, 226, 488, 0, NULL, NULL, '2013-11-15 13:48:17', '22'),
(309, 466, 488, '311', 1221, 226, 488, 0, NULL, NULL, '2013-11-15 13:48:17', '22'),
(311, 488, 466, '311', 1221, 230, 488, 0, NULL, NULL, '2013-11-15 13:58:26', '22'),
(312, 466, 488, '311', 1221, 230, 488, 0, NULL, NULL, '2013-11-15 13:58:26', '22'),
(313, 488, 466, '311', 1221, 231, 488, 0, NULL, NULL, '2013-11-15 14:06:10', '22'),
(314, 466, 488, '311', 1221, 231, 488, 0, NULL, NULL, '2013-11-15 14:06:10', '22'),
(315, 488, 466, '323211', 132321, 232, 488, 0, NULL, NULL, '2013-11-15 14:06:18', '22'),
(316, 466, 488, '323211', 132321, 232, 488, 0, NULL, NULL, '2013-11-15 14:06:18', '22'),
(317, 488, 466, NULL, NULL, 233, 488, 0, NULL, NULL, '2013-11-15 14:16:29', NULL),
(318, 466, 488, NULL, NULL, 233, 488, 0, NULL, NULL, '2013-11-15 14:16:29', NULL),
(326, 490, 488, NULL, NULL, 238, 490, 0, NULL, NULL, '2013-11-18 14:18:04', NULL),
(327, 488, 490, NULL, NULL, 238, 490, 0, NULL, NULL, '2013-11-18 14:18:04', NULL),
(328, 490, 488, NULL, NULL, 238, 490, 0, NULL, NULL, '2013-11-18 14:18:24', NULL),
(329, 488, 490, NULL, NULL, 238, 490, 0, NULL, NULL, '2013-11-18 14:18:24', NULL),
(330, 493, 490, NULL, NULL, 243, 493, 1, NULL, NULL, '2013-11-20 08:26:31', NULL),
(331, 490, 493, NULL, NULL, 243, 493, 2, NULL, NULL, '2013-11-20 08:26:31', NULL),
(349, 494, 496, NULL, NULL, 278, 494, 1, 'halo11', 'qwert', '2013-11-20 10:41:59', NULL),
(350, 496, 494, NULL, NULL, 278, 494, 2, 'halo11', 'qwert', '2013-11-20 10:41:59', NULL),
(351, 494, 458, NULL, NULL, 279, 494, 1, NULL, 'qwert', '2013-11-20 10:43:27', NULL),
(352, 458, 494, NULL, NULL, 279, 494, 2, NULL, 'qwert', '2013-11-20 10:43:27', NULL),
(354, 494, 457, NULL, NULL, 281, 494, 1, 'halo', 'qwert', '2013-11-20 10:51:24', 'not here'),
(355, 457, 494, NULL, NULL, 281, 494, 2, NULL, 'qwert', '2013-11-20 10:51:24', NULL),
(356, 497, 498, NULL, NULL, 282, 497, 1, 'здорова', 'qwert497', '2013-11-20 10:58:51', 'somewhere'),
(357, 498, 497, NULL, NULL, 282, 497, 2, 'halo', 'qwert498', '2013-11-20 10:58:51', 'somewhere'),
(358, 500, 499, NULL, NULL, 284, 500, 1, 'holla', 'user500', '2013-11-28 07:36:18', 'set in contact_add'),
(359, 499, 500, NULL, NULL, 284, 500, 2, 'hallo', 'user499', '2013-11-28 07:36:18', 'set in contact_add'),
(365, 500, 498, NULL, NULL, 292, 500, 1, 'holla', 'user500', '2013-11-28 08:05:33', 'yhis set in contact_add'),
(366, 498, 500, NULL, NULL, 292, 500, 2, 'halo', 'qwert498', '2013-11-28 08:05:33', 'yhis set in contact_add'),
(367, 500, 491, NULL, NULL, 294, 500, 1, 'holla', 'user500', '2013-11-28 09:01:12', 'yhis set in contact_add'),
(368, 491, 500, NULL, NULL, 294, 500, 2, 'hallo', NULL, '2013-11-28 09:01:12', 'yhis set in contact_add'),
(369, 500, 492, NULL, NULL, 296, 500, 1, 'holla', 'user500', '2013-11-28 09:03:38', 'yhis set in contact_add2'),
(370, 492, 500, NULL, NULL, 296, 500, 2, 'hallo', NULL, '2013-11-28 09:03:38', 'yhis set in contact_add2'),
(371, 501, 398, NULL, NULL, 297, 501, 2, NULL, NULL, '2013-11-29 07:30:12', 'yhis set in contact_add'),
(372, 398, 501, NULL, NULL, 297, 501, 2, NULL, NULL, '2013-11-29 07:30:12', 'yhis set in contact_add'),
(373, 502, 402, NULL, NULL, 299, 502, 2, NULL, NULL, '2013-12-02 09:51:22', 'yhis set in contact_add2'),
(374, 402, 502, NULL, NULL, 299, 502, 2, NULL, NULL, '2013-12-02 09:51:22', 'yhis set in contact_add2'),
(375, 503, 137, NULL, NULL, 301, 503, 1, NULL, NULL, '2013-12-02 11:40:36', 'yhis set in contact_add2'),
(377, 503, 154, NULL, NULL, 302, 503, 1, NULL, NULL, '2013-12-02 11:44:47', 'yhis set in contact_add2'),
(378, 154, 503, NULL, NULL, 302, 503, 2, NULL, NULL, '2013-12-02 11:44:47', 'yhis set in contact_add2'),
(379, 503, 155, NULL, NULL, 303, 503, 1, NULL, NULL, '2013-12-02 11:45:21', 'yhis set in contact_add2'),
(380, 155, 503, NULL, NULL, 303, 503, 2, NULL, NULL, '2013-12-02 11:45:21', 'yhis set in contact_add2'),
(381, 503, 144, NULL, NULL, 304, 503, 1, NULL, NULL, '2013-12-02 12:00:48', 'yhis set in contact_add2'),
(382, 144, 503, NULL, NULL, 304, 503, 2, NULL, NULL, '2013-12-02 12:00:48', 'yhis set in contact_add2'),
(383, 503, 146, NULL, NULL, 307, 503, 1, NULL, NULL, '0000-00-00 00:00:00', 'yhis set in contact_add2'),
(384, 146, 503, NULL, NULL, 307, 503, 2, NULL, NULL, '0000-00-00 00:00:00', 'yhis set in contact_add2'),
(385, 503, 147, NULL, NULL, 308, 503, 1, NULL, NULL, '0000-00-00 00:00:00', 'yhis set in contact_add2'),
(386, 147, 503, NULL, NULL, 308, 503, 2, NULL, NULL, '0000-00-00 00:00:00', 'yhis set in contact_add2'),
(387, 503, 148, NULL, NULL, 309, 503, 1, NULL, NULL, '2013-12-02 12:11:19', 'yhis set in contact_add2'),
(388, 148, 503, NULL, NULL, 309, 503, 2, NULL, NULL, '2013-12-02 12:11:19', 'yhis set in contact_add2'),
(389, 503, 128, NULL, NULL, 310, 503, 1, NULL, NULL, '0000-00-00 00:00:00', 'yhis set in contact_add2'),
(390, 128, 503, NULL, NULL, 310, 503, 2, NULL, NULL, '0000-00-00 00:00:00', 'yhis set in contact_add2'),
(393, 503, 131, NULL, NULL, 314, 503, 1, NULL, NULL, '2013-12-02 12:51:40', 'yhis set in contact_add2'),
(394, 131, 503, NULL, NULL, 314, 503, 2, NULL, NULL, '2013-12-02 12:51:40', 'yhis set in contact_add2'),
(395, 503, 130, NULL, NULL, 315, 503, 1, NULL, NULL, '2013-12-02 12:52:09', 'yhis set in contact_add2'),
(396, 130, 503, NULL, NULL, 315, 503, 2, NULL, NULL, '2013-12-02 12:52:09', 'yhis set in contact_add2'),
(397, 503, 133, NULL, NULL, 316, 503, 1, NULL, NULL, '2013-12-02 13:04:11', 'yhis set in contact_add2'),
(398, 133, 503, NULL, NULL, 316, 503, 2, NULL, NULL, '2013-12-02 13:04:11', 'yhis set in contact_add2'),
(399, 504, 157, NULL, NULL, 318, 504, 1, NULL, NULL, '2013-12-02 14:43:13', 'yhis set in contact_add2'),
(400, 157, 504, NULL, NULL, 318, 504, 2, NULL, NULL, '2013-12-02 14:43:13', 'yhis set in contact_add2'),
(401, 504, 158, NULL, NULL, 319, 504, 1, NULL, NULL, '2013-12-02 14:44:06', 'yhis set in contact_add2'),
(402, 158, 504, NULL, NULL, 319, 504, 2, NULL, NULL, '2013-12-02 14:44:06', 'yhis set in contact_add2'),
(403, 504, 159, NULL, NULL, 320, 504, 1, NULL, NULL, '2013-12-02 14:48:16', 'yhis set in contact_add2'),
(404, 159, 504, NULL, NULL, 320, 504, 2, NULL, NULL, '2013-12-02 14:48:16', 'yhis set in contact_add2'),
(405, 504, 160, NULL, NULL, 321, 504, 1, NULL, NULL, '2013-12-02 14:48:53', 'yhis set in contact_add2'),
(406, 160, 504, NULL, NULL, 321, 504, 2, NULL, NULL, '2013-12-02 14:48:53', 'yhis set in contact_add2'),
(407, 504, 161, NULL, NULL, 322, 504, 1, NULL, NULL, '2013-12-02 14:49:27', 'yhis set in contact_add2'),
(408, 161, 504, NULL, NULL, 322, 504, 2, NULL, NULL, '2013-12-02 14:49:27', 'yhis set in contact_add2'),
(409, 504, 162, NULL, NULL, 323, 504, 1, NULL, NULL, '2013-12-02 14:52:05', 'yhis set in contact_add2'),
(410, 162, 504, NULL, NULL, 323, 504, 2, NULL, NULL, '2013-12-02 14:52:05', 'yhis set in contact_add2'),
(411, 505, 163, NULL, NULL, 325, 505, 1, NULL, NULL, '2013-12-03 10:56:30', 'yhis set in contact_add2'),
(412, 163, 505, NULL, NULL, 325, 505, 2, NULL, NULL, '2013-12-03 10:56:30', 'yhis set in contact_add2'),
(413, 506, 165, NULL, NULL, 326, 506, 0, NULL, NULL, '2013-12-03 14:00:05', 'test for 80'),
(414, 165, 506, NULL, NULL, 326, 506, 0, NULL, NULL, '2013-12-03 14:00:05', 'test for 80'),
(415, 508, 505, NULL, NULL, 329, 508, 1, NULL, NULL, '2014-01-11 08:32:53', NULL),
(416, 505, 508, NULL, NULL, 329, 508, 2, NULL, NULL, '2014-01-11 08:32:53', NULL),
(417, 508, 509, NULL, NULL, 330, 508, 0, NULL, NULL, '2014-01-11 08:34:44', NULL),
(418, 509, 508, NULL, NULL, 330, 508, 0, NULL, NULL, '2014-01-11 08:34:44', NULL),
(419, 511, 510, NULL, NULL, 331, 511, 0, NULL, NULL, '2014-01-17 10:05:56', NULL),
(420, 510, 511, NULL, NULL, 331, 511, 0, NULL, NULL, '2014-01-17 10:05:56', NULL),
(421, 511, 509, NULL, NULL, 332, 511, 1, NULL, NULL, '2014-01-17 10:12:42', NULL),
(422, 509, 511, NULL, NULL, 332, 511, 2, NULL, NULL, '2014-01-17 10:12:42', NULL),
(423, 511, 506, NULL, NULL, 333, 511, 1, NULL, NULL, '2014-01-17 10:14:50', NULL),
(424, 506, 511, NULL, NULL, 333, 511, 2, NULL, NULL, '2014-01-17 10:14:50', NULL),
(425, 511, 504, NULL, NULL, 334, 511, 1, NULL, NULL, '2014-01-17 10:17:21', NULL),
(426, 504, 511, NULL, NULL, 334, 511, 2, NULL, NULL, '2014-01-17 10:17:21', NULL),
(427, 511, 503, NULL, NULL, 335, 511, 1, NULL, NULL, '2014-01-17 10:17:57', NULL),
(428, 503, 511, NULL, NULL, 335, 511, 2, NULL, NULL, '2014-01-17 10:17:57', NULL),
(429, 511, 485, NULL, NULL, 336, 511, 1, NULL, NULL, '2014-01-17 11:05:06', NULL),
(430, 485, 511, NULL, NULL, 336, 511, 2, NULL, NULL, '2014-01-17 11:05:06', NULL),
(431, 511, 484, NULL, NULL, 337, 511, 1, NULL, NULL, '2014-01-17 11:05:33', NULL),
(432, 484, 511, NULL, NULL, 337, 511, 2, NULL, NULL, '2014-01-17 11:05:33', NULL),
(433, 511, 477, NULL, NULL, 338, 511, 1, NULL, NULL, '2014-01-17 11:07:51', NULL),
(434, 477, 511, NULL, NULL, 338, 511, 2, NULL, NULL, '2014-01-17 11:07:51', NULL),
(435, 511, 478, NULL, NULL, 339, 511, 1, NULL, NULL, '2014-01-17 11:25:01', NULL),
(436, 478, 511, NULL, NULL, 339, 511, 2, NULL, NULL, '2014-01-17 11:25:01', NULL),
(437, 511, 479, NULL, NULL, 340, 511, 0, NULL, NULL, '2014-01-17 11:27:12', NULL),
(438, 479, 511, NULL, NULL, 340, 511, 0, NULL, NULL, '2014-01-17 11:27:12', NULL),
(439, 511, 496, NULL, NULL, 341, 511, 0, NULL, NULL, '2014-01-17 11:31:49', NULL),
(440, 496, 511, NULL, NULL, 341, 511, 0, NULL, NULL, '2014-01-17 11:31:49', NULL),
(441, 511, 491, NULL, NULL, 342, 511, 1, 'hallo', NULL, '2014-01-17 11:40:19', NULL),
(442, 491, 511, NULL, NULL, 342, 511, 2, NULL, NULL, '2014-01-17 11:40:19', NULL),
(443, 513, 512, NULL, NULL, 343, 513, 1, NULL, NULL, '2014-01-17 11:44:43', NULL),
(444, 512, 513, NULL, NULL, 343, 513, 2, NULL, NULL, '2014-01-17 11:44:43', NULL),
(445, 515, 514, NULL, NULL, 344, 515, 0, NULL, NULL, '2014-01-17 12:12:10', NULL),
(446, 514, 515, NULL, NULL, 344, 515, 0, NULL, NULL, '2014-01-17 12:12:10', NULL);

-- --------------------------------------------------------

--
-- Table structure for table `message`
--

CREATE TABLE IF NOT EXISTS `message` (
  `id` int(11) NOT NULL AUTO_INCREMENT,
  `chat_id` int(11) NOT NULL,
  `text` varchar(500) DEFAULT NULL,
  `user_id` int(11) NOT NULL,
  `created` timestamp NULL DEFAULT CURRENT_TIMESTAMP,
  `state` tinyint(1) DEFAULT '1',
  PRIMARY KEY (`id`),
  KEY `fk_message_chat1_idx` (`chat_id`),
  KEY `fk_message_user1_idx` (`user_id`)
) ENGINE=InnoDB  DEFAULT CHARSET=utf8 AUTO_INCREMENT=83 ;

--
-- Dumping data for table `message`
--

INSERT INTO `message` (`id`, `chat_id`, `text`, `user_id`, `created`, `state`) VALUES
(1, 1, 'впрпрпвр', 1, '2013-07-29 11:14:03', NULL),
(9, 2, 'fdgdfhsdafh', 1, '2013-07-30 10:02:11', NULL),
(10, 1, 'test hdjfhsldk', 1, '2013-08-07 08:40:12', NULL),
(11, 1, 'test 2 dshjfkhfdjkf', 128, '2013-08-07 08:40:12', NULL),
(12, 1, 'test 3 hkjhkhkj', 128, '2013-08-07 10:05:18', NULL),
(13, 1, 'test 4 ghjghk', 129, '2013-08-07 10:05:18', NULL),
(14, 53, 'test message', 1, '2013-08-07 14:10:24', NULL),
(15, 53, 'test message', 1, '2013-08-07 14:11:20', NULL),
(16, 1, 'from zagran message', 128, '2013-08-14 11:32:31', NULL),
(17, 1, 'from zagran message2', 128, '2013-08-14 11:33:09', NULL),
(18, 71, 'test message', 128, '2013-08-07 14:11:20', NULL),
(19, 71, 'from zagran message3', 128, '2013-08-14 12:15:54', NULL),
(20, 71, 'from zagran message3', 128, '2013-08-14 12:17:11', NULL),
(21, 71, 'from zagran message4', 128, '2013-08-14 12:18:10', NULL),
(22, 71, 'from zagran message5', 128, '2013-08-14 12:20:31', NULL),
(23, 71, 'from zagran message5', 128, '2013-08-14 12:21:15', NULL),
(24, 71, 'from zagran message5', 128, '2013-08-14 12:23:54', NULL),
(25, 78, 'message', 193, '2013-08-21 12:13:29', NULL),
(26, 79, 'message', 195, '2013-08-21 12:29:53', NULL),
(27, 80, 'message', 197, '2013-08-21 12:31:21', NULL),
(28, 81, 'message', 199, '2013-08-21 12:37:45', NULL),
(29, 83, 'message', 201, '2013-08-21 12:50:54', NULL),
(30, 85, 'message', 203, '2013-08-21 12:54:28', NULL),
(31, 87, 'message', 205, '2013-08-21 13:51:01', NULL),
(32, 89, 'message', 207, '2013-08-21 13:53:44', NULL),
(33, 91, 'message', 209, '2013-08-21 14:03:15', NULL),
(34, 93, 'message', 211, '2013-08-21 14:04:51', NULL),
(35, 95, 'message', 213, '2013-08-21 14:06:32', NULL),
(36, 97, 'message', 215, '2013-08-21 14:09:07', NULL),
(37, 99, 'message', 217, '2013-08-21 14:10:58', NULL),
(38, 104, 'message', 225, '2013-08-21 14:47:57', NULL),
(39, 106, 'message', 227, '2013-08-22 19:27:54', NULL),
(40, 115, 'message', 384, '2013-08-28 12:22:08', NULL),
(41, 117, 'message', 386, '2013-08-28 12:22:49', NULL),
(42, 119, 'My message', 429, '2013-08-28 16:15:54', NULL),
(43, 120, 'My message', 432, '2013-08-28 16:19:45', NULL),
(44, 121, 'My message', 434, '2013-08-28 16:24:40', NULL),
(45, 122, 'My message', 436, '2013-08-29 07:53:57', NULL),
(46, 123, 'My message', 440, '2013-08-29 07:58:41', NULL),
(47, 124, 'My message', 442, '2013-08-29 07:59:20', NULL),
(48, 125, 'My message', 445, '2013-08-29 08:08:13', NULL),
(49, 126, 'My message', 447, '2013-08-29 08:44:38', NULL),
(50, 127, 'My message', 449, '2013-08-29 08:46:37', NULL),
(51, 128, 'My message', 451, '2013-08-29 08:49:14', NULL),
(52, 129, 'My message', 453, '2013-08-29 08:51:56', NULL),
(53, 130, 'My message', 456, '2013-08-29 08:52:55', NULL),
(54, 131, 'My message', 458, '2013-08-29 08:56:54', NULL),
(55, 132, 'My message', 460, '2013-08-29 08:57:46', NULL),
(56, 133, 'My message', 462, '2013-08-29 08:59:02', NULL),
(57, 134, 'My message', 464, '2013-08-29 09:05:23', NULL),
(58, 135, 'My message', 468, '2013-08-29 09:10:52', NULL),
(59, 136, 'My message', 470, '2013-08-29 09:12:07', NULL),
(60, 137, 'My message', 472, '2013-08-29 09:16:59', NULL),
(61, 138, 'My message', 474, '2013-08-29 09:39:15', NULL),
(62, 139, 'My message', 476, '2013-08-29 09:41:36', NULL),
(63, 114, '12321321', 128, '2013-08-29 10:28:25', NULL),
(64, 114, '12321321', 128, '2013-08-29 10:29:32', NULL),
(65, 114, '12321321', 128, '2013-08-29 10:29:54', NULL),
(66, 114, '12321321', 128, '2013-08-29 10:32:41', NULL),
(67, 114, '12321321', 128, '2013-08-29 10:32:55', NULL),
(68, 114, '12321321', 128, '2013-08-29 10:33:29', NULL),
(69, 114, '12321321', 128, '2013-08-29 10:34:23', NULL),
(70, 114, '12321321', 128, '2013-08-29 13:45:14', NULL),
(71, 114, '12321321', 128, '2013-08-29 13:45:17', NULL),
(72, 114, '12321321', 128, '2013-08-29 13:45:24', NULL),
(73, 114, '12321321', 128, '2013-08-29 13:46:35', NULL),
(74, 114, '12321321', 128, '2013-08-29 13:47:24', NULL),
(75, 114, '12321321', 128, '2013-08-29 13:48:52', NULL),
(76, 1, 'ttte', 136, '2013-12-03 10:36:50', 1),
(77, 325, 'asdfaffafaafsaf', 505, '2010-04-29 02:41:43', 2),
(78, 325, 'asdfaffafaaf22saf', 505, '2010-04-29 02:41:43', 2),
(79, 325, 'asdfaffafaaf22saf', 505, '2010-04-29 02:41:43', 2),
(80, 326, 'test message for 80', 506, '1970-06-16 18:57:21', 1),
(81, 326, 'test message for 80-2', 506, '1970-06-16 18:57:21', 1),
(82, 326, 'test message for 80-4', 506, '1970-06-16 18:57:21', 1);

-- --------------------------------------------------------

--
-- Table structure for table `settings`
--

CREATE TABLE IF NOT EXISTS `settings` (
  `id` int(11) NOT NULL AUTO_INCREMENT,
  `user_id` int(11) NOT NULL,
  `message` varchar(250) DEFAULT NULL,
  `with_message` tinyint(1) NOT NULL DEFAULT '0',
  `public_name` varchar(250) DEFAULT NULL,
  `with_pubname` tinyint(1) NOT NULL DEFAULT '0',
  `auto_accept` tinyint(1) NOT NULL DEFAULT '0',
  `location` varchar(250) DEFAULT NULL,
  `datetime` timestamp NOT NULL DEFAULT CURRENT_TIMESTAMP ON UPDATE CURRENT_TIMESTAMP,
  `set_timeloc` tinyint(1) NOT NULL DEFAULT '0',
  PRIMARY KEY (`id`),
  KEY `fk_settings_user1_idx` (`user_id`)
) ENGINE=InnoDB  DEFAULT CHARSET=utf8 AUTO_INCREMENT=24 ;

--
-- Dumping data for table `settings`
--

INSERT INTO `settings` (`id`, `user_id`, `message`, `with_message`, `public_name`, `with_pubname`, `auto_accept`, `location`, `datetime`, `set_timeloc`) VALUES
(4, 491, 'hallo', 0, NULL, 0, 0, NULL, '0000-00-00 00:00:00', 0),
(5, 491, 'hallo', 0, NULL, 0, 0, NULL, '0000-00-00 00:00:00', 0),
(6, 491, 'hallo', 0, NULL, 0, 0, NULL, '0000-00-00 00:00:00', 0),
(7, 491, 'hallo', 1, NULL, 0, 1, NULL, '0000-00-00 00:00:00', 0),
(8, 491, 'hallo', 1, NULL, 0, 1, NULL, '2013-11-18 22:00:00', 0),
(9, 491, 'hallo', 1, NULL, 0, 1, NULL, '2013-11-18 22:00:00', 0),
(10, 491, 'hallo', 1, NULL, 0, 1, NULL, '0000-00-00 00:00:00', 0),
(11, 491, 'hallo', 1, NULL, 0, 1, NULL, '0000-00-00 00:00:00', 0),
(12, 491, 'hallo', 1, NULL, 0, 0, NULL, '2013-11-18 22:00:00', 0),
(13, 491, 'hallo', 1, NULL, 0, 0, NULL, '0000-00-00 00:00:00', 0),
(14, 491, 'hallo', 1, NULL, 0, 0, NULL, '2013-11-19 09:02:37', 0),
(15, 491, 'hallo', 1, NULL, 0, 0, NULL, '2013-11-19 09:05:33', 0),
(16, 492, 'hallo', 1, NULL, 0, 1, 'somewere', '2013-11-19 11:38:55', 0),
(17, 492, 'hallo', 1, NULL, 0, 1, 'somewere here', '2013-11-19 11:39:06', 0),
(18, 494, 'halo', 1, 'qwert', 1, 0, 'not here', '2013-11-20 10:35:04', 0),
(19, 498, 'halo', 1, 'qwert498', 1, 0, NULL, '2013-11-20 10:55:14', 0),
(20, 497, 'здорова', 1, 'qwert497', 1, 0, NULL, '2013-11-20 10:56:08', 0),
(22, 499, 'hallo', 1, 'user499', 0, 0, 'here', '2013-11-28 07:30:54', 1),
(23, 500, 'holla', 1, 'user500', 0, 0, NULL, '2013-11-28 07:32:27', 0);

-- --------------------------------------------------------

--
-- Table structure for table `user`
--

CREATE TABLE IF NOT EXISTS `user` (
  `id` int(11) NOT NULL AUTO_INCREMENT,
  `qrcode` varchar(255) NOT NULL,
  `password` char(32) DEFAULT NULL,
  `created` timestamp NULL DEFAULT NULL,
  `last_login` timestamp NOT NULL DEFAULT CURRENT_TIMESTAMP ON UPDATE CURRENT_TIMESTAMP,
  `last_active` timestamp NULL DEFAULT NULL,
  `auth_token` varchar(45) DEFAULT NULL,
  `push_token` varchar(255) DEFAULT NULL,
  `UUID` varchar(255) DEFAULT NULL,
  PRIMARY KEY (`id`),
  UNIQUE KEY `qrcode_UNIQUE` (`qrcode`)
) ENGINE=InnoDB  DEFAULT CHARSET=utf8 AUTO_INCREMENT=521 ;

--
-- Dumping data for table `user`
--

INSERT INTO `user` (`id`, `qrcode`, `password`, `created`, `last_login`, `last_active`, `auth_token`, `push_token`, `UUID`) VALUES
(1, 'progress', '123', '2013-07-25 09:00:00', '2013-08-27 13:06:29', '2013-08-27 13:35:44', '8358ac55fcaa85fabab7722dfb0247b82854f06d', '1', NULL),
(128, 'qrcode123', '123', '2013-07-25 11:00:00', '2013-08-29 13:49:10', '2013-08-29 13:49:10', 'cca8d47170e372ea9bc07592be7cabb4e704b4ab', '12333336', NULL),
(129, '5871230.24100900 1374750848', '123', '2013-07-25 11:14:07', '2013-07-31 11:28:55', '2013-07-31 15:11:18', '1c96b85c8b30ae36b4e524987fd518ef12309074', NULL, NULL),
(130, '5721230.47821500 1374750901', '123', '2013-07-25 11:15:01', '2013-07-25 11:15:01', '2013-07-25 11:15:01', '93270d80320df5a7c69c190b4b8e75f0241d28d2', NULL, NULL),
(131, '7431230.02528800 1374751253', '123', '2013-07-25 11:20:51', '2013-07-25 11:20:51', '2013-07-25 12:25:17', NULL, NULL, NULL),
(132, '41arseniy0.94460000 1375862082', 'arseniy', '2013-08-07 07:54:47', '2013-08-08 08:33:34', '2013-08-08 13:00:26', 'dc15aaf1ec105d961f0ce96641f00d20fc63f4b8', NULL, NULL),
(133, '2981230.47804900 1376464919', '123', '2013-08-14 07:22:00', '2013-08-14 07:22:00', '2013-08-14 07:22:00', '2f27fb8526217bf83cf4b207206a9fd055125896', NULL, NULL),
(134, '6201230.57214300 1376465004', '123', '2013-08-14 07:23:25', '2013-08-14 12:18:00', '2013-08-14 07:23:25', '3fa03a6a89705785af0020ae5a93422ede9de975', '1344 goog', NULL),
(135, '4061230.55685600 1376465050', '123', '2013-08-14 07:24:11', '2013-08-14 07:24:11', '2013-08-14 07:24:11', '77ddab29be738315585ac075b67ae361d48b37eb', NULL, NULL),
(136, '1281230.26457500 1376465166', '123', '2013-08-14 07:26:06', '2013-08-14 07:26:06', '2013-08-14 07:26:06', '0c5975eb6570c5b01be3ea1a14712ca44626ccb7', NULL, NULL),
(137, '137752ae1de2560d71b9737eb919747ba9e0.56853200 1377069412', '752ae1de2560d71b9737eb919747ba9e', '2013-08-21 07:16:52', '2013-08-21 07:16:52', '2013-08-21 07:16:52', 'f2ff8195a1ba1962a5867b3787614c710c364929', NULL, NULL),
(138, '206752ae1de2560d71b9737eb919747ba9e0.62526700 1377076729', '752ae1de2560d71b9737eb919747ba9e', '2013-08-21 09:18:49', '2013-08-21 09:18:49', '2013-08-21 09:18:49', '121e87b166e9d860eeeee6000081cbb6ba77f6dd', NULL, NULL),
(139, '8131195b73db9688b856e2a0444b1de43060.00457800 1377076730', '1195b73db9688b856e2a0444b1de4306', '2013-08-21 09:18:50', '2013-08-21 09:18:50', '2013-08-21 09:18:50', 'ad8b2f42b199c121284e1c3dc129963e5ba08ac9', NULL, NULL),
(140, '214752ae1de2560d71b9737eb919747ba9e0.21166800 1377076788', '752ae1de2560d71b9737eb919747ba9e', '2013-08-21 09:19:48', '2013-08-21 09:19:48', '2013-08-21 09:19:48', 'dfdf8e78006346e9d687395227a73d7e8d16a860', NULL, NULL),
(141, '737752ae1de2560d71b9737eb919747ba9e0.46687100 1377076905', '752ae1de2560d71b9737eb919747ba9e', '2013-08-21 09:21:45', '2013-08-21 09:21:45', '2013-08-21 09:21:45', '47980230b1c375a2f0499bc70042a74baf0b6f2f', NULL, NULL),
(142, '9861195b73db9688b856e2a0444b1de43060.68542400 1377076905', '1195b73db9688b856e2a0444b1de4306', '2013-08-21 09:21:45', '2013-08-21 09:21:45', '2013-08-21 09:21:45', 'd1b22abf810d598a880dae0731660d458e8c6570', NULL, NULL),
(143, '988752ae1de2560d71b9737eb919747ba9e0.37221100 1377076971', '752ae1de2560d71b9737eb919747ba9e', '2013-08-21 09:22:51', '2013-08-21 09:22:51', '2013-08-21 09:22:51', '209140833c91f83ed563e028ce23bb744c59a2bd', NULL, NULL),
(144, '5581195b73db9688b856e2a0444b1de43060.77745200 1377076987', '1195b73db9688b856e2a0444b1de4306', '2013-08-21 09:23:07', '2013-08-21 09:23:07', '2013-08-21 09:23:07', '9cdacc6857bc78e792c816078cacdb771d297757', NULL, NULL),
(145, '609752ae1de2560d71b9737eb919747ba9e0.56945300 1377077144', '752ae1de2560d71b9737eb919747ba9e', '2013-08-21 09:25:44', '2013-08-21 09:25:44', '2013-08-21 09:25:44', '533622324c6406c191f57b35add2dee277ca1436', NULL, NULL),
(146, '6271195b73db9688b856e2a0444b1de43060.53331000 1377077150', '1195b73db9688b856e2a0444b1de4306', '2013-08-21 09:25:50', '2013-08-21 09:25:52', '2013-08-21 09:25:52', '10dd61420f4e052dee41d645d912d837e8aac793', NULL, NULL),
(147, '247752ae1de2560d71b9737eb919747ba9e0.97146100 1377077248', '752ae1de2560d71b9737eb919747ba9e', '2013-08-21 09:27:28', '2013-08-21 09:27:28', '2013-08-21 09:27:28', '0ba19fe07c42f0c929b1b610dce8ec4746c8e0bc', NULL, NULL),
(148, '3361195b73db9688b856e2a0444b1de43060.23937700 1377077454', '1195b73db9688b856e2a0444b1de4306', '2013-08-21 09:30:54', '2013-08-21 09:30:54', '2013-08-21 09:30:54', '1b07a245c8548403f2e65c70fccc26617bffdd80', NULL, NULL),
(149, '828752ae1de2560d71b9737eb919747ba9e0.51425500 1377079348', '752ae1de2560d71b9737eb919747ba9e', '2013-08-21 10:02:28', '2013-08-21 10:02:28', '2013-08-21 10:02:28', 'e9400b7c5d3bd10ef6fa61ba3b1763fe0a4f0d00', NULL, NULL),
(150, '371195b73db9688b856e2a0444b1de43060.56417000 1377079352', '1195b73db9688b856e2a0444b1de4306', '2013-08-21 10:02:32', '2013-08-21 10:02:35', '2013-08-21 10:02:35', '4413f514529d3791ce40d97dae2398c9935c79b8', NULL, NULL),
(151, '242752ae1de2560d71b9737eb919747ba9e0.03657700 1377079656', '752ae1de2560d71b9737eb919747ba9e', '2013-08-21 10:07:36', '2013-08-21 10:07:36', '2013-08-21 10:07:36', '262e9f2b99bc6275270ac5eab3d4db0df35397b8', NULL, NULL),
(152, '121195b73db9688b856e2a0444b1de43060.57344400 1377079662', '1195b73db9688b856e2a0444b1de4306', '2013-08-21 10:07:42', '2013-08-21 10:07:43', '2013-08-21 10:07:43', '19afdcf97f7cae493ee2b7efffe56ef431754711', NULL, NULL),
(153, '965752ae1de2560d71b9737eb919747ba9e0.10742800 1377079962', '752ae1de2560d71b9737eb919747ba9e', '2013-08-21 10:12:42', '2013-08-21 10:12:42', '2013-08-21 10:12:42', '8c70143da5e831d42e161939c59d4667b7a8f148', NULL, NULL),
(154, '7801195b73db9688b856e2a0444b1de43060.69036600 1377079965', '1195b73db9688b856e2a0444b1de4306', '2013-08-21 10:12:45', '2013-08-21 10:12:47', '2013-08-21 10:12:47', '8e828ca85c83e0a3464524b3dbedcf1c1a9cdfdb', NULL, NULL),
(155, '512752ae1de2560d71b9737eb919747ba9e0.01114100 1377080524', '752ae1de2560d71b9737eb919747ba9e', '2013-08-21 10:22:04', '2013-08-21 10:22:04', '2013-08-21 10:22:04', '378f8d89157b2404f1b68200df8b8a0b88399370', NULL, NULL),
(156, '4501195b73db9688b856e2a0444b1de43060.64367400 1377080538', '1195b73db9688b856e2a0444b1de4306', '2013-08-21 10:22:18', '2013-08-21 10:22:20', '2013-08-21 10:22:20', '64b7b06fc9604280833155068e6bebefd7a7167c', NULL, NULL),
(157, '606752ae1de2560d71b9737eb919747ba9e0.26207500 1377080597', '752ae1de2560d71b9737eb919747ba9e', '2013-08-21 10:23:17', '2013-08-21 10:23:17', '2013-08-21 10:23:17', '7c5a39a8da555e003a19711563a82caac62b417b', NULL, NULL),
(158, '215752ae1de2560d71b9737eb919747ba9e0.40468800 1377080616', '752ae1de2560d71b9737eb919747ba9e', '2013-08-21 10:23:36', '2013-08-21 10:23:36', '2013-08-21 10:23:36', '6e8b2e017929b0077ae08eb5bcde26af290655fc', NULL, NULL),
(159, '1291195b73db9688b856e2a0444b1de43060.61374400 1377080616', '1195b73db9688b856e2a0444b1de4306', '2013-08-21 10:23:36', '2013-08-21 10:23:37', '2013-08-21 10:23:37', 'c628e21a4dd0dfe3d441c757bc44764f49af41c4', NULL, NULL),
(160, '354752ae1de2560d71b9737eb919747ba9e0.29920000 1377080634', '752ae1de2560d71b9737eb919747ba9e', '2013-08-21 10:23:54', '2013-08-21 10:23:54', '2013-08-21 10:23:54', '6297ccfcb2864a301f5ac3574c5f7ce0e53269d3', NULL, NULL),
(161, '8651195b73db9688b856e2a0444b1de43060.72305300 1377080639', '1195b73db9688b856e2a0444b1de4306', '2013-08-21 10:23:59', '2013-08-21 10:24:01', '2013-08-21 10:49:22', 'fa77aa4383dc827dbf9e614e7dd932a2ece74672', NULL, NULL),
(162, '506752ae1de2560d71b9737eb919747ba9e0.34444100 1377081145', '752ae1de2560d71b9737eb919747ba9e', '2013-08-21 10:32:25', '2013-08-21 10:32:25', '2013-08-21 10:32:25', 'e1a8ef6bae56c6dce23fd7ec4e70f94cb3bf1d4a', NULL, NULL),
(163, '3281195b73db9688b856e2a0444b1de43060.17738500 1377081152', '1195b73db9688b856e2a0444b1de4306', '2013-08-21 10:32:32', '2013-08-21 10:32:34', '2013-08-21 10:32:34', 'c7d5b0c7bde67e3073eeef91e633031c726e253e', NULL, NULL),
(164, '405752ae1de2560d71b9737eb919747ba9e0.87935700 1377081306', '752ae1de2560d71b9737eb919747ba9e', '2013-08-21 10:35:06', '2013-08-21 10:35:06', '2013-08-21 10:35:06', '1979a24c4c74e0ced31046fea42846deeb0f7800', NULL, NULL),
(165, '8881195b73db9688b856e2a0444b1de43060.27677700 1377081417', '1195b73db9688b856e2a0444b1de4306', '2013-08-21 10:36:57', '2013-08-21 10:36:59', '2013-08-21 10:36:59', '3d27863313111d24bc1f0d4c8cf56ab0c92c1361', NULL, NULL),
(166, '384752ae1de2560d71b9737eb919747ba9e0.20320500 1377081684', '752ae1de2560d71b9737eb919747ba9e', '2013-08-21 10:41:24', '2013-08-21 10:41:24', '2013-08-21 10:41:24', 'dbc4f944055b9de7c52bce623f0b91f5c9914965', NULL, NULL),
(167, '9281195b73db9688b856e2a0444b1de43060.07599500 1377081700', '1195b73db9688b856e2a0444b1de4306', '2013-08-21 10:41:40', '2013-08-21 10:41:48', '2013-08-21 10:41:48', '91a44ad114b9bad4b74d4e05686dfd175ddc11e2', NULL, NULL),
(168, '417752ae1de2560d71b9737eb919747ba9e0.92174000 1377082891', '752ae1de2560d71b9737eb919747ba9e', '2013-08-21 11:01:31', '2013-08-21 11:01:31', '2013-08-21 11:01:31', 'f8349407b672fefab1877a183b50b51904ff2759', NULL, NULL),
(169, '1381195b73db9688b856e2a0444b1de43060.05069000 1377082915', '1195b73db9688b856e2a0444b1de4306', '2013-08-21 11:01:55', '2013-08-21 11:01:56', '2013-08-21 11:01:56', '8ee7f6bc9e293a7f74149ac650cd5126b79c9077', NULL, NULL),
(170, '567752ae1de2560d71b9737eb919747ba9e0.72229000 1377082960', '752ae1de2560d71b9737eb919747ba9e', '2013-08-21 11:02:40', '2013-08-21 11:02:40', '2013-08-21 11:02:40', 'f1d8f43605bc058b0f03039d90a083038145cb42', NULL, NULL),
(171, '9111195b73db9688b856e2a0444b1de43060.96183500 1377082964', '1195b73db9688b856e2a0444b1de4306', '2013-08-21 11:02:44', '2013-08-21 11:02:48', '2013-08-21 11:02:48', 'c2a27d034f3a46f27fa1e4da9bbd5fdc1c4db6bd', NULL, NULL),
(172, '987752ae1de2560d71b9737eb919747ba9e0.98087800 1377083132', '752ae1de2560d71b9737eb919747ba9e', '2013-08-21 11:05:33', '2013-08-21 11:05:33', '2013-08-21 11:05:33', '690bea762fb0fc6e199a66756f7906bc5e8ff620', NULL, NULL),
(173, '6311195b73db9688b856e2a0444b1de43060.07260900 1377083138', '1195b73db9688b856e2a0444b1de4306', '2013-08-21 11:05:38', '2013-08-21 11:05:39', '2013-08-21 11:09:57', '0b0817a10fc11a8d298a9acce5cea0275d133c1c', NULL, NULL),
(174, '970752ae1de2560d71b9737eb919747ba9e0.61741000 1377083946', '752ae1de2560d71b9737eb919747ba9e', '2013-08-21 11:19:06', '2013-08-21 11:19:06', '2013-08-21 11:19:06', '770eaff12f2606902d8c257c863ea7e5d6fb4f4d', NULL, NULL),
(175, '6821195b73db9688b856e2a0444b1de43060.73395300 1377083958', '1195b73db9688b856e2a0444b1de4306', '2013-08-21 11:19:18', '2013-08-21 11:19:20', '2013-08-21 11:19:20', '6babd2e98ad6e8f5b3d38c2708e1413dd332a940', NULL, NULL),
(176, '191752ae1de2560d71b9737eb919747ba9e0.88603800 1377084043', '752ae1de2560d71b9737eb919747ba9e', '2013-08-21 11:20:43', '2013-08-21 11:20:43', '2013-08-21 11:20:43', 'dde515537a3206160d08ca4eed2374491121aab1', NULL, NULL),
(177, '9651195b73db9688b856e2a0444b1de43060.59401900 1377084049', '1195b73db9688b856e2a0444b1de4306', '2013-08-21 11:20:49', '2013-08-21 11:20:52', '2013-08-21 11:20:56', '07c912b0fbfe2f6c126a4e8043e05aa289c311fe', NULL, NULL),
(178, '813752ae1de2560d71b9737eb919747ba9e0.50482600 1377084129', '752ae1de2560d71b9737eb919747ba9e', '2013-08-21 11:22:09', '2013-08-21 11:22:09', '2013-08-21 11:22:09', '322146b8868eecbf08536adc4f11381c532f8cc3', NULL, NULL),
(179, '8141195b73db9688b856e2a0444b1de43060.53451300 1377084147', '1195b73db9688b856e2a0444b1de4306', '2013-08-21 11:22:27', '2013-08-21 11:22:29', '2013-08-21 11:23:02', 'b57594898efcf04dc4f9566e7cb766b2c6c8c90d', NULL, NULL),
(180, '315752ae1de2560d71b9737eb919747ba9e0.69027100 1377084767', '752ae1de2560d71b9737eb919747ba9e', '2013-08-21 11:32:47', '2013-08-21 11:32:47', '2013-08-21 11:32:47', 'bad37987ab9727c7e1932db18a61178e41f74193', NULL, NULL),
(181, '10001195b73db9688b856e2a0444b1de43060.09126000 1377084775', '1195b73db9688b856e2a0444b1de4306', '2013-08-21 11:32:55', '2013-08-21 11:32:56', '2013-08-21 11:33:03', 'a6dce5ddb6c3e18f4e7693c135c1266b9a423d0d', NULL, NULL),
(182, '485752ae1de2560d71b9737eb919747ba9e0.54139900 1377085123', '752ae1de2560d71b9737eb919747ba9e', '2013-08-21 11:38:43', '2013-08-21 11:38:43', '2013-08-21 11:38:43', 'f1b581eebe0a9a56c128b8185451303149ab33eb', NULL, NULL),
(183, '7921195b73db9688b856e2a0444b1de43060.30576200 1377085128', '1195b73db9688b856e2a0444b1de4306', '2013-08-21 11:38:48', '2013-08-21 11:38:50', '2013-08-21 11:38:53', 'e778801432c65b51536c1153be9fa771437d73dc', NULL, NULL),
(184, '497752ae1de2560d71b9737eb919747ba9e0.72510700 1377085411', '752ae1de2560d71b9737eb919747ba9e', '2013-08-21 11:43:31', '2013-08-21 11:43:31', '2013-08-21 11:43:31', '9e56e8b9d47dee15e0b787449d02a11fce187d2a', NULL, NULL),
(185, '9451195b73db9688b856e2a0444b1de43060.83217900 1377085419', '1195b73db9688b856e2a0444b1de4306', '2013-08-21 11:43:39', '2013-08-21 11:43:44', '2013-08-21 11:43:59', '7c1cd0ee5318867157e8dcac9ac473cbd5616bed', NULL, NULL),
(186, '788752ae1de2560d71b9737eb919747ba9e0.18039800 1377085550', '752ae1de2560d71b9737eb919747ba9e', '2013-08-21 11:45:50', '2013-08-21 11:45:50', '2013-08-21 11:45:50', '28038f8d7291ca585fa35a2c04ececbe1650d489', NULL, NULL),
(187, '4851195b73db9688b856e2a0444b1de43060.53813100 1377085550', '1195b73db9688b856e2a0444b1de4306', '2013-08-21 11:45:50', '2013-08-21 11:45:50', '2013-08-21 11:45:51', '1f9272bd91e6fc816eb8ce2f7f94565ed3929f3c', NULL, NULL),
(188, '634752ae1de2560d71b9737eb919747ba9e0.77687900 1377086221', '752ae1de2560d71b9737eb919747ba9e', '2013-08-21 11:57:01', '2013-08-21 11:57:01', '2013-08-21 11:57:01', 'a8b63762203279428c2346667a8f5c8d0b110fa2', NULL, NULL),
(189, '8871195b73db9688b856e2a0444b1de43060.31945300 1377086222', '1195b73db9688b856e2a0444b1de4306', '2013-08-21 11:57:02', '2013-08-21 11:57:02', '2013-08-21 11:57:45', 'd8001c2bb8bf926b5ec1ba21d4178685e2416c1e', NULL, NULL),
(190, '446752ae1de2560d71b9737eb919747ba9e0.03131400 1377086454', '752ae1de2560d71b9737eb919747ba9e', '2013-08-21 12:00:54', '2013-08-21 12:00:54', '2013-08-21 12:00:54', '462a29b646f8518a2c3672966c41dc5e14176167', NULL, NULL),
(191, '4421195b73db9688b856e2a0444b1de43060.40465200 1377086454', '1195b73db9688b856e2a0444b1de4306', '2013-08-21 12:00:54', '2013-08-21 12:00:54', '2013-08-21 12:01:19', '916e902d4e0ceae36efa331234f3bfaff0e2e876', NULL, NULL),
(192, '521752ae1de2560d71b9737eb919747ba9e0.05370400 1377087193', '752ae1de2560d71b9737eb919747ba9e', '2013-08-21 12:13:13', '2013-08-21 12:13:13', '2013-08-21 12:13:13', '7a9cb19be826eb20a968fa7785a99043adca9e7e', NULL, NULL),
(193, '2891195b73db9688b856e2a0444b1de43060.46195800 1377087193', '1195b73db9688b856e2a0444b1de4306', '2013-08-21 12:13:13', '2013-08-21 12:13:13', '2013-08-21 12:13:30', '1f6c9acfbe6c9269b88d807d343333adbbfb40c1', NULL, NULL),
(194, '337752ae1de2560d71b9737eb919747ba9e0.36419000 1377088178', '752ae1de2560d71b9737eb919747ba9e', '2013-08-21 12:29:38', '2013-08-21 12:29:38', '2013-08-21 12:29:38', 'c3b2a18e7c8f7ea430d28f00a24bd3b9bf28404c', NULL, NULL),
(195, '9691195b73db9688b856e2a0444b1de43060.75853500 1377088178', '1195b73db9688b856e2a0444b1de4306', '2013-08-21 12:29:38', '2013-08-21 12:29:39', '2013-08-21 12:29:59', 'd0d7c0f7aa53886b566402bd11ad17479c5d7916', NULL, NULL),
(196, '125752ae1de2560d71b9737eb919747ba9e0.94397700 1377088278', '752ae1de2560d71b9737eb919747ba9e', '2013-08-21 12:31:18', '2013-08-21 12:31:18', '2013-08-21 12:31:18', '1bac21d79975af0aa652f74b6fc3fee7901265d0', NULL, NULL),
(197, '1151195b73db9688b856e2a0444b1de43060.36545200 1377088279', '1195b73db9688b856e2a0444b1de4306', '2013-08-21 12:31:19', '2013-08-21 12:31:19', '2013-08-21 12:31:22', 'bf126a1ed755a28bbdac304873f227b3596f3846', NULL, NULL),
(198, '278752ae1de2560d71b9737eb919747ba9e0.46691500 1377088662', '752ae1de2560d71b9737eb919747ba9e', '2013-08-21 12:37:42', '2013-08-21 12:37:42', '2013-08-21 12:37:42', '2f38cb65b0e94856980338288356ff93fc122784', NULL, NULL),
(199, '5061195b73db9688b856e2a0444b1de43060.82175100 1377088662', '1195b73db9688b856e2a0444b1de4306', '2013-08-21 12:37:42', '2013-08-21 12:37:43', '2013-08-21 12:40:56', '41ab5cb2d137eecb954a4b03aaa8ba0a46b29829', NULL, NULL),
(200, '753752ae1de2560d71b9737eb919747ba9e0.21180800 1377089451', '752ae1de2560d71b9737eb919747ba9e', '2013-08-21 12:50:51', '2013-08-21 12:50:51', '2013-08-21 12:50:51', '487ed5c474115a334db5882ea4dfdde5a33d1c1b', NULL, NULL),
(201, '8331195b73db9688b856e2a0444b1de43060.62151700 1377089451', '1195b73db9688b856e2a0444b1de4306', '2013-08-21 12:50:51', '2013-08-21 12:50:51', '2013-08-21 12:53:37', 'cd66078c24a54dd01e018cc6a5bec8f6597b49e8', NULL, NULL),
(202, '357752ae1de2560d71b9737eb919747ba9e0.78962700 1377089665', '752ae1de2560d71b9737eb919747ba9e', '2013-08-21 12:54:25', '2013-08-21 12:54:25', '2013-08-21 12:54:25', '0ebbb34e6c611dc89f6b679d6305031eedaf7447', NULL, NULL),
(203, '2921195b73db9688b856e2a0444b1de43060.21694200 1377089666', '1195b73db9688b856e2a0444b1de4306', '2013-08-21 12:54:26', '2013-08-21 12:54:26', '2013-08-21 12:54:50', '06d5eb0c07592fe5976fa454ce631e341520c214', NULL, NULL),
(204, '277752ae1de2560d71b9737eb919747ba9e0.09880800 1377093058', '752ae1de2560d71b9737eb919747ba9e', '2013-08-21 13:50:58', '2013-08-21 13:50:58', '2013-08-21 13:50:58', '0bd604084ec18bdc714850e4dc888adeb09f1d5f', NULL, NULL),
(205, '6751195b73db9688b856e2a0444b1de43060.71344500 1377093058', '1195b73db9688b856e2a0444b1de4306', '2013-08-21 13:50:58', '2013-08-21 13:50:59', '2013-08-21 13:51:03', '301ccf7494a1e63f6ad4eadf39bacbb38a83d346', NULL, NULL),
(206, '621752ae1de2560d71b9737eb919747ba9e0.57095100 1377093221', '752ae1de2560d71b9737eb919747ba9e', '2013-08-21 13:53:41', '2013-08-21 13:53:41', '2013-08-21 13:53:41', '76b4cf0145f123c9232fac927a31e4aca3d7c68b', NULL, NULL),
(207, '6531195b73db9688b856e2a0444b1de43060.90944100 1377093221', '1195b73db9688b856e2a0444b1de4306', '2013-08-21 13:53:41', '2013-08-21 13:53:42', '2013-08-21 13:53:45', '519332c6020153690c89f5a9f1296f4f2b2ad125', NULL, NULL),
(208, '955752ae1de2560d71b9737eb919747ba9e0.54060700 1377093792', '752ae1de2560d71b9737eb919747ba9e', '2013-08-21 14:03:12', '2013-08-21 14:03:12', '2013-08-21 14:03:12', '0ad7299fd43e6e0ec27ad33ade9fbe5668932166', NULL, NULL),
(209, '7511195b73db9688b856e2a0444b1de43060.91390600 1377093792', '1195b73db9688b856e2a0444b1de4306', '2013-08-21 14:03:12', '2013-08-21 14:03:26', '2013-08-21 14:03:26', '6b756d78b201a2c668b3a7ff1fec293ec8e40bf2', 'testToken', NULL),
(210, '141752ae1de2560d71b9737eb919747ba9e0.76484500 1377093888', '752ae1de2560d71b9737eb919747ba9e', '2013-08-21 14:04:48', '2013-08-21 14:04:48', '2013-08-21 14:04:48', '15e0681c425a17ad2b41e16f9aae60548ff5e974', NULL, NULL),
(211, '771195b73db9688b856e2a0444b1de43060.13322200 1377093889', '1195b73db9688b856e2a0444b1de4306', '2013-08-21 14:04:49', '2013-08-21 14:04:53', '2013-08-21 14:04:53', '6921d0e6999aceec52c1393689f30e4ba6b67fca', 'testToken', NULL),
(212, '645752ae1de2560d71b9737eb919747ba9e0.98711000 1377093988', '752ae1de2560d71b9737eb919747ba9e', '2013-08-21 14:06:29', '2013-08-21 14:06:29', '2013-08-21 14:06:29', '15d9e9c335c0dfc08f5efff66112bb30074c372b', NULL, NULL),
(213, '4841195b73db9688b856e2a0444b1de43060.35812200 1377093989', '1195b73db9688b856e2a0444b1de4306', '2013-08-21 14:06:29', '2013-08-21 14:06:34', '2013-08-21 14:06:35', NULL, 'testToken', NULL),
(214, '880752ae1de2560d71b9737eb919747ba9e0.29680200 1377094143', '752ae1de2560d71b9737eb919747ba9e', '2013-08-21 14:09:03', '2013-08-21 14:09:03', '2013-08-21 14:09:03', '3e53ac9b5d1f2aaa334efefb3e080136e30861d7', NULL, NULL),
(215, '8151195b73db9688b856e2a0444b1de43060.68719100 1377094143', '1195b73db9688b856e2a0444b1de4306', '2013-08-21 14:09:03', '2013-08-21 14:09:18', '2013-08-21 14:09:18', 'b3ecfd0c03fa22e044ca1f7df26417a64900d8fd', 'testToken', NULL),
(216, '8752ae1de2560d71b9737eb919747ba9e0.37388900 1377094255', '752ae1de2560d71b9737eb919747ba9e', '2013-08-21 14:10:55', '2013-08-21 14:10:55', '2013-08-21 14:10:55', '40fbd069071298dc75cec99f915e4e724424c265', NULL, NULL),
(217, '3971195b73db9688b856e2a0444b1de43060.77685800 1377094255', '1195b73db9688b856e2a0444b1de4306', '2013-08-21 14:10:55', '2013-08-21 14:12:47', '2013-08-21 14:12:47', 'b232959c24d4d3e0344324588138d1ef51e8bab7', 'testToken', NULL),
(218, '227752ae1de2560d71b9737eb919747ba9e0.58715600 1377095223', '752ae1de2560d71b9737eb919747ba9e', '2013-08-21 14:27:03', '2013-08-21 14:27:03', '2013-08-21 14:27:03', '9b9ff1cef25e11ea1855d5803b52f0badf76b078', NULL, NULL),
(219, '9251195b73db9688b856e2a0444b1de43060.15711400 1377095224', '1195b73db9688b856e2a0444b1de4306', '2013-08-21 14:27:04', '2013-08-21 14:27:20', '2013-08-21 14:27:20', '14beba2298b89266032486276280b074e1033f08', 'testToken', NULL),
(220, '3752ae1de2560d71b9737eb919747ba9e0.09414800 1377095595', '752ae1de2560d71b9737eb919747ba9e', '2013-08-21 14:33:15', '2013-08-21 14:33:15', '2013-08-21 14:33:15', 'b588c1b515cba6643939382743118a0b812e263e', NULL, NULL),
(221, '7461195b73db9688b856e2a0444b1de43060.47436700 1377095595', '1195b73db9688b856e2a0444b1de4306', '2013-08-21 14:33:15', '2013-08-21 14:33:17', '2013-08-21 14:33:17', 'd74cfab1db11dee8660d21adcddd82f33e556617', 'testToken', NULL),
(222, '47752ae1de2560d71b9737eb919747ba9e0.53521100 1377095927', '752ae1de2560d71b9737eb919747ba9e', '2013-08-21 14:38:47', '2013-08-21 14:38:47', '2013-08-21 14:38:47', 'cf196d3f8583ffcf89749fea00d9d55a8d78a82d', NULL, NULL),
(223, '8761195b73db9688b856e2a0444b1de43060.87676400 1377095927', '1195b73db9688b856e2a0444b1de4306', '2013-08-21 14:38:47', '2013-08-21 14:38:50', '2013-08-21 14:38:50', '05f8e44a57ffe5e6af4bb1cf61c4ba970cb92220', 'testToken', NULL),
(224, '945752ae1de2560d71b9737eb919747ba9e0.24688400 1377096472', '752ae1de2560d71b9737eb919747ba9e', '2013-08-21 14:47:52', '2013-08-21 14:47:52', '2013-08-21 14:47:52', 'be7d9bb84b2eac76eb9934ff333d890446ca67bc', NULL, NULL),
(225, '3731195b73db9688b856e2a0444b1de43060.65264700 1377096472', '1195b73db9688b856e2a0444b1de4306', '2013-08-21 14:47:52', '2013-08-21 14:48:01', '2013-08-21 14:48:01', 'c480d4f27ffee31b8c37b528d7a50693039fc34b', 'testToken', NULL),
(226, '109752ae1de2560d71b9737eb919747ba9e0.42441900 1377199671', '752ae1de2560d71b9737eb919747ba9e', '2013-08-22 19:27:51', '2013-08-22 19:27:51', '2013-08-22 19:27:51', '3cf0adc43f96553cce4faa68cefafc5408dd5374', NULL, NULL),
(227, '9091195b73db9688b856e2a0444b1de43060.77552600 1377199671', '1195b73db9688b856e2a0444b1de4306', '2013-08-22 19:27:51', '2013-08-22 19:27:57', '2013-08-22 19:27:57', 'cbc81e212662f743182520a053a98f01e4e8cfd6', 'testToken', NULL),
(228, '311752ae1de2560d71b9737eb919747ba9e0.00777100 1377632942', '752ae1de2560d71b9737eb919747ba9e', '2013-08-27 19:49:02', '2013-08-27 19:49:02', '2013-08-27 19:49:02', '2a3085ac3e25dbaeb5ff83033e8bf27d0c0987f2', NULL, NULL),
(229, '878752ae1de2560d71b9737eb919747ba9e0.17229300 1377632942', '752ae1de2560d71b9737eb919747ba9e', '2013-08-27 19:49:02', '2013-08-27 19:49:02', '2013-08-27 19:49:02', 'a2c4211478a53599b256e11de1c074375afb324b', NULL, NULL),
(230, '501752ae1de2560d71b9737eb919747ba9e0.19656200 1377633279', '752ae1de2560d71b9737eb919747ba9e', '2013-08-27 19:54:39', '2013-08-27 19:54:39', '2013-08-27 19:54:39', 'fa6eaafcd6a92290a4e2ccb94640991d3cb5a52f', NULL, NULL),
(231, '967752ae1de2560d71b9737eb919747ba9e0.34905200 1377633279', '752ae1de2560d71b9737eb919747ba9e', '2013-08-27 19:54:39', '2013-08-27 19:54:39', '2013-08-27 19:54:39', 'fb87a7bc1da796a3e4cd90256150dedffd416ba5', NULL, NULL),
(232, '393752ae1de2560d71b9737eb919747ba9e0.10229100 1377633409', '752ae1de2560d71b9737eb919747ba9e', '2013-08-27 19:56:49', '2013-08-27 19:56:49', '2013-08-27 19:56:49', '3f68a15f01e5aa3d3fc6790ca17176720efff3a4', NULL, NULL),
(233, '485752ae1de2560d71b9737eb919747ba9e0.22365800 1377633409', '752ae1de2560d71b9737eb919747ba9e', '2013-08-27 19:56:49', '2013-08-27 19:56:49', '2013-08-27 19:56:49', '92534a1d6b172ede18c5445dcb488e6127d8bb4b', NULL, NULL),
(234, '105752ae1de2560d71b9737eb919747ba9e0.79433300 1377633513', '752ae1de2560d71b9737eb919747ba9e', '2013-08-27 19:58:33', '2013-08-27 19:58:33', '2013-08-27 19:58:33', 'a0e075e3528605534484fb3383209abcfcb9805f', NULL, NULL),
(235, '822752ae1de2560d71b9737eb919747ba9e0.91666400 1377633513', '752ae1de2560d71b9737eb919747ba9e', '2013-08-27 19:58:33', '2013-08-27 19:58:33', '2013-08-27 19:58:33', '3fe14fca369066a8d4db76f82b262b245fd29aba', NULL, NULL),
(236, '80752ae1de2560d71b9737eb919747ba9e0.88316500 1377633711', '752ae1de2560d71b9737eb919747ba9e', '2013-08-27 20:01:51', '2013-08-27 20:01:51', '2013-08-27 20:01:51', '1df48e0483e25571258ec3fc309e3cc2a81f07a8', NULL, NULL),
(237, '459752ae1de2560d71b9737eb919747ba9e0.99297700 1377633711', '752ae1de2560d71b9737eb919747ba9e', '2013-08-27 20:01:52', '2013-08-27 20:01:52', '2013-08-27 20:01:52', '91461693e5d3d3dc813197af221f03dd2265ed5b', NULL, NULL),
(238, '752752ae1de2560d71b9737eb919747ba9e0.24781600 1377633732', '752ae1de2560d71b9737eb919747ba9e', '2013-08-27 20:02:12', '2013-08-27 20:02:12', '2013-08-27 20:02:12', '8f28f8632e0aa11adc724b9783c6ce5fe7a86d6e', NULL, NULL),
(239, '776752ae1de2560d71b9737eb919747ba9e0.36227900 1377633732', '752ae1de2560d71b9737eb919747ba9e', '2013-08-27 20:02:12', '2013-08-27 20:02:12', '2013-08-27 20:02:12', '96928a0cde8ac9528c4a02fc604de54882ea1d3f', NULL, NULL),
(240, '529752ae1de2560d71b9737eb919747ba9e0.95470600 1377633792', '752ae1de2560d71b9737eb919747ba9e', '2013-08-27 20:03:12', '2013-08-27 20:03:12', '2013-08-27 20:03:12', 'c326a44827bad3ea11e3897fa74014e1b7b7da8b', NULL, NULL),
(241, '639752ae1de2560d71b9737eb919747ba9e0.05526300 1377633793', '752ae1de2560d71b9737eb919747ba9e', '2013-08-27 20:03:13', '2013-08-27 20:03:13', '2013-08-27 20:03:13', '91ef66c1059d03f63b71d42eca79f485cd7221b6', NULL, NULL),
(242, '976752ae1de2560d71b9737eb919747ba9e0.86993500 1377634812', '752ae1de2560d71b9737eb919747ba9e', '2013-08-27 20:20:12', '2013-08-27 20:20:12', '2013-08-27 20:20:12', 'bf173263fbbf06432006d484fd73299a6fe9267a', NULL, NULL),
(243, '283752ae1de2560d71b9737eb919747ba9e0.98399300 1377634812', '752ae1de2560d71b9737eb919747ba9e', '2013-08-27 20:20:12', '2013-08-27 20:20:12', '2013-08-27 20:20:12', 'f1d96c6468cd6822c2d3770a513ae3366c473053', NULL, NULL),
(244, '673752ae1de2560d71b9737eb919747ba9e0.49899800 1377634851', '752ae1de2560d71b9737eb919747ba9e', '2013-08-27 20:20:51', '2013-08-27 20:20:51', '2013-08-27 20:20:51', '8802042332c43f36c157ba6cbaa05905fda1fd60', NULL, NULL),
(245, '382752ae1de2560d71b9737eb919747ba9e0.62962700 1377634851', '752ae1de2560d71b9737eb919747ba9e', '2013-08-27 20:20:51', '2013-08-27 20:20:51', '2013-08-27 20:20:51', '78c96f289246242a5ff6369778f91de6af3301c8', NULL, NULL),
(246, '849752ae1de2560d71b9737eb919747ba9e0.85437100 1377634885', '752ae1de2560d71b9737eb919747ba9e', '2013-08-27 20:21:25', '2013-08-27 20:21:25', '2013-08-27 20:21:25', '3af0cecf56256a096444accb76a2bb088ba9b1de', NULL, NULL),
(247, '251752ae1de2560d71b9737eb919747ba9e0.96628900 1377634885', '752ae1de2560d71b9737eb919747ba9e', '2013-08-27 20:21:25', '2013-08-27 20:21:25', '2013-08-27 20:21:25', '5f8ce3869defad501987058b5e1765d2be6ed121', NULL, NULL),
(248, '777752ae1de2560d71b9737eb919747ba9e0.39505100 1377635247', '752ae1de2560d71b9737eb919747ba9e', '2013-08-27 20:27:27', '2013-08-27 20:27:27', '2013-08-27 20:27:27', '6d57964d7fba189ea7792145fe20a355eed366a1', NULL, NULL),
(249, '648752ae1de2560d71b9737eb919747ba9e0.50581800 1377635247', '752ae1de2560d71b9737eb919747ba9e', '2013-08-27 20:27:27', '2013-08-27 20:27:27', '2013-08-27 20:27:27', '5c3e1665ad3b7a531d9568cfdb2e5e18b5392b0a', NULL, NULL),
(250, '493752ae1de2560d71b9737eb919747ba9e0.36239300 1377635497', '752ae1de2560d71b9737eb919747ba9e', '2013-08-27 20:31:37', '2013-08-27 20:31:37', '2013-08-27 20:31:37', '80583e59bf970282ccbc52355e5e75c3ddc3d340', NULL, NULL),
(251, '888752ae1de2560d71b9737eb919747ba9e0.48441900 1377635497', '752ae1de2560d71b9737eb919747ba9e', '2013-08-27 20:31:37', '2013-08-27 20:31:37', '2013-08-27 20:31:37', '183564dcdbee7e923817d60685c2eddc26e18e07', NULL, NULL),
(252, '311752ae1de2560d71b9737eb919747ba9e0.81502700 1377635620', '752ae1de2560d71b9737eb919747ba9e', '2013-08-27 20:33:40', '2013-08-27 20:33:40', '2013-08-27 20:33:40', '96321becd0871900aa82071cd6cd77453e331146', NULL, NULL),
(253, '441752ae1de2560d71b9737eb919747ba9e0.28946700 1377635708', '752ae1de2560d71b9737eb919747ba9e', '2013-08-27 20:35:08', '2013-08-27 20:35:08', '2013-08-27 20:35:08', '30dce1de021154a0d9c4a71295a4611d6a07530d', NULL, NULL),
(254, '826752ae1de2560d71b9737eb919747ba9e0.06755100 1377636047', '752ae1de2560d71b9737eb919747ba9e', '2013-08-27 20:40:47', '2013-08-27 20:40:47', '2013-08-27 20:40:47', '931192e65306711dab5895983eadf610fe8697dc', NULL, NULL),
(255, '112752ae1de2560d71b9737eb919747ba9e0.20648200 1377636069', '752ae1de2560d71b9737eb919747ba9e', '2013-08-27 20:41:09', '2013-08-27 20:41:09', '2013-08-27 20:41:09', '4e656089a859e11f9b4df88c72c21686e1ed942e', NULL, NULL),
(256, '864752ae1de2560d71b9737eb919747ba9e0.31333500 1377636069', '752ae1de2560d71b9737eb919747ba9e', '2013-08-27 20:41:09', '2013-08-27 20:41:09', '2013-08-27 20:41:09', 'd5f1be5357dc21842ab52f44155e004a558bb0de', NULL, NULL),
(257, '755752ae1de2560d71b9737eb919747ba9e0.53955600 1377636477', '752ae1de2560d71b9737eb919747ba9e', '2013-08-27 20:47:57', '2013-08-27 20:47:57', '2013-08-27 20:47:57', 'cdee42a67ed89e369fd1445011d14cbab0289b03', NULL, NULL),
(258, '212752ae1de2560d71b9737eb919747ba9e0.65734500 1377636477', '752ae1de2560d71b9737eb919747ba9e', '2013-08-27 20:47:57', '2013-08-27 20:47:57', '2013-08-27 20:47:57', '11de062e3a3972cb400c985a402a5bf6b3665d9d', NULL, NULL),
(259, '643752ae1de2560d71b9737eb919747ba9e0.68925400 1377636530', '752ae1de2560d71b9737eb919747ba9e', '2013-08-27 20:48:50', '2013-08-27 20:48:50', '2013-08-27 20:48:50', 'dd631c923d13658c0f0f67e416330d1f838f9c5b', NULL, NULL),
(260, '318752ae1de2560d71b9737eb919747ba9e0.81262300 1377636530', '752ae1de2560d71b9737eb919747ba9e', '2013-08-27 20:48:50', '2013-08-27 20:48:50', '2013-08-27 20:48:50', '1be872f10e4d7f2c29bee03d23f2b5d1dd88f0da', NULL, NULL),
(261, '2752ae1de2560d71b9737eb919747ba9e0.07496300 1377636851', '752ae1de2560d71b9737eb919747ba9e', '2013-08-27 20:54:11', '2013-08-27 20:54:11', '2013-08-27 20:54:11', '77f9b15eaeebdcbb25213edc1ac683a089e596a2', NULL, NULL),
(262, '353752ae1de2560d71b9737eb919747ba9e0.18350300 1377636851', '752ae1de2560d71b9737eb919747ba9e', '2013-08-27 20:54:11', '2013-08-27 20:54:11', '2013-08-27 20:54:11', 'd20c70849f1bfe8a43a0977e6245054e8af72bf3', NULL, NULL),
(263, '672752ae1de2560d71b9737eb919747ba9e0.19379800 1377636910', '752ae1de2560d71b9737eb919747ba9e', '2013-08-27 20:55:10', '2013-08-27 20:55:10', '2013-08-27 20:55:10', '1fc3741c30d6b48af385e72c512ecebf24f359bf', NULL, NULL),
(264, '831752ae1de2560d71b9737eb919747ba9e0.31116300 1377636910', '752ae1de2560d71b9737eb919747ba9e', '2013-08-27 20:55:10', '2013-08-27 20:55:10', '2013-08-27 20:55:10', '7566a07030be2806b5015db091f27854aaec8db9', NULL, NULL),
(265, '179752ae1de2560d71b9737eb919747ba9e0.76250000 1377636993', '752ae1de2560d71b9737eb919747ba9e', '2013-08-27 20:56:33', '2013-08-27 20:56:33', '2013-08-27 20:56:33', '19249f0d5980b97533230e4dd9f6427505c6ef98', NULL, NULL),
(266, '572752ae1de2560d71b9737eb919747ba9e0.89655200 1377636993', '752ae1de2560d71b9737eb919747ba9e', '2013-08-27 20:56:33', '2013-08-27 20:56:33', '2013-08-27 20:56:33', 'a30ace6051c04318024c6e6ca1292cd155848e6e', NULL, NULL),
(267, '800752ae1de2560d71b9737eb919747ba9e0.85169400 1377638431', '752ae1de2560d71b9737eb919747ba9e', '2013-08-27 21:20:31', '2013-08-27 21:20:31', '2013-08-27 21:20:31', 'e76ae4ecaf2160dd199f042e5ad27eedad158eee', NULL, NULL),
(268, '46752ae1de2560d71b9737eb919747ba9e0.97429400 1377638431', '752ae1de2560d71b9737eb919747ba9e', '2013-08-27 21:20:31', '2013-08-27 21:20:31', '2013-08-27 21:20:31', '12764db0f6f80758f23ed763819e5303e98ccd4d', NULL, NULL),
(269, '698752ae1de2560d71b9737eb919747ba9e0.67785100 1377638549', '752ae1de2560d71b9737eb919747ba9e', '2013-08-27 21:22:29', '2013-08-27 21:22:29', '2013-08-27 21:22:29', '3c0136a2e2568e14969d8b32a1677ef65fffedb4', NULL, NULL),
(270, '394752ae1de2560d71b9737eb919747ba9e0.78067500 1377638549', '752ae1de2560d71b9737eb919747ba9e', '2013-08-27 21:22:29', '2013-08-27 21:22:29', '2013-08-27 21:22:29', 'dd13f1bdf51de93b57852f9e63cf4b33abe25a52', NULL, NULL),
(271, '176752ae1de2560d71b9737eb919747ba9e0.90431400 1377638609', '752ae1de2560d71b9737eb919747ba9e', '2013-08-27 21:23:29', '2013-08-27 21:23:29', '2013-08-27 21:23:29', 'a019563ef8e7d7fdfb9d133eea7dfe382ae5c4ef', NULL, NULL),
(272, '141752ae1de2560d71b9737eb919747ba9e0.00750400 1377638610', '752ae1de2560d71b9737eb919747ba9e', '2013-08-27 21:23:30', '2013-08-27 21:23:30', '2013-08-27 21:23:30', '043fea936db4a7d2380d0cc33d65f7ef5c8aa66b', NULL, NULL),
(273, '954752ae1de2560d71b9737eb919747ba9e0.55517100 1377638654', '752ae1de2560d71b9737eb919747ba9e', '2013-08-27 21:24:14', '2013-08-27 21:24:14', '2013-08-27 21:24:14', 'db7409e75e093778c75279db2b870394d1ac1548', NULL, NULL),
(274, '878752ae1de2560d71b9737eb919747ba9e0.67953700 1377638654', '752ae1de2560d71b9737eb919747ba9e', '2013-08-27 21:24:14', '2013-08-27 21:24:14', '2013-08-27 21:24:14', 'a60acba3960e7a57478da6d12cab7833ccb3f4c2', NULL, NULL),
(275, '187752ae1de2560d71b9737eb919747ba9e0.85257300 1377638737', '752ae1de2560d71b9737eb919747ba9e', '2013-08-27 21:25:37', '2013-08-27 21:25:37', '2013-08-27 21:25:37', '55de07f922106134d3e189fc42eaa3f68328a664', NULL, NULL),
(276, '5752ae1de2560d71b9737eb919747ba9e0.95959900 1377638737', '752ae1de2560d71b9737eb919747ba9e', '2013-08-27 21:25:37', '2013-08-27 21:25:37', '2013-08-27 21:25:37', '6d48c2f20d45bece6d84a84d83867401325c8503', NULL, NULL),
(277, '173752ae1de2560d71b9737eb919747ba9e0.52764100 1377638751', '752ae1de2560d71b9737eb919747ba9e', '2013-08-27 21:25:51', '2013-08-27 21:25:51', '2013-08-27 21:25:51', '13227d6b1fa8f2a6423ed794447c6d1cf1580e65', NULL, NULL),
(278, '382752ae1de2560d71b9737eb919747ba9e0.63644100 1377638751', '752ae1de2560d71b9737eb919747ba9e', '2013-08-27 21:25:51', '2013-08-27 21:25:51', '2013-08-27 21:25:51', 'a18bec72dfa32b8fd4e2cbe4458e645d93dc2723', NULL, NULL),
(279, '12752ae1de2560d71b9737eb919747ba9e0.77544100 1377638777', '752ae1de2560d71b9737eb919747ba9e', '2013-08-27 21:26:17', '2013-08-27 21:26:17', '2013-08-27 21:26:17', '7dcc5afed528303bddd6c0144b3af03e0cf8b8c9', NULL, NULL),
(280, '676752ae1de2560d71b9737eb919747ba9e0.87768000 1377638777', '752ae1de2560d71b9737eb919747ba9e', '2013-08-27 21:26:17', '2013-08-27 21:26:17', '2013-08-27 21:26:17', '13415f2f166ad0da8252a688d4bc0acd6915d650', NULL, NULL),
(281, '750752ae1de2560d71b9737eb919747ba9e0.00667100 1377638794', '752ae1de2560d71b9737eb919747ba9e', '2013-08-27 21:26:34', '2013-08-27 21:26:34', '2013-08-27 21:26:34', 'c3bc60701309fbb49c36919bb4850e48f668263a', NULL, NULL),
(282, '999752ae1de2560d71b9737eb919747ba9e0.12402900 1377638794', '752ae1de2560d71b9737eb919747ba9e', '2013-08-27 21:26:34', '2013-08-27 21:26:34', '2013-08-27 21:26:34', '2d350b6e61d1092e487fad7b818742f68015103b', NULL, NULL),
(283, '926752ae1de2560d71b9737eb919747ba9e0.92132900 1377638873', '752ae1de2560d71b9737eb919747ba9e', '2013-08-27 21:27:53', '2013-08-27 21:27:53', '2013-08-27 21:27:53', '34fde3405daf85ccb2de16fcd881f04b6ac0e9f4', NULL, NULL),
(284, '969752ae1de2560d71b9737eb919747ba9e0.03621500 1377638874', '752ae1de2560d71b9737eb919747ba9e', '2013-08-27 21:27:54', '2013-08-27 21:27:54', '2013-08-27 21:27:54', 'a7098733998a7afe91aed0139b2a0512a012fd87', NULL, NULL),
(285, '193752ae1de2560d71b9737eb919747ba9e0.01136700 1377640128', '752ae1de2560d71b9737eb919747ba9e', '2013-08-27 21:48:48', '2013-08-27 21:48:48', '2013-08-27 21:48:48', '3a9739ff5de1b981a33adc632591eb94ac6b6cf7', NULL, NULL),
(286, '223752ae1de2560d71b9737eb919747ba9e0.13026700 1377640128', '752ae1de2560d71b9737eb919747ba9e', '2013-08-27 21:48:48', '2013-08-27 21:48:48', '2013-08-27 21:48:48', 'c66c3c42d4feac9e92765febecbf32e02ef4f2a0', NULL, NULL),
(287, '630752ae1de2560d71b9737eb919747ba9e0.16900100 1377640154', '752ae1de2560d71b9737eb919747ba9e', '2013-08-27 21:49:14', '2013-08-27 21:49:14', '2013-08-27 21:49:14', 'c787526b8967aad6159c9b08e498dce0a8abf047', NULL, NULL),
(288, '597752ae1de2560d71b9737eb919747ba9e0.26460800 1377640154', '752ae1de2560d71b9737eb919747ba9e', '2013-08-27 21:49:14', '2013-08-27 21:49:14', '2013-08-27 21:49:14', 'bccca0791055a5de634a3d5312b4fbab165d4302', NULL, NULL),
(289, '287752ae1de2560d71b9737eb919747ba9e0.42984700 1377640213', '752ae1de2560d71b9737eb919747ba9e', '2013-08-27 21:50:13', '2013-08-27 21:50:13', '2013-08-27 21:50:13', '3114fd595999626bc98330763dc5a1799dc35f97', NULL, NULL),
(290, '501752ae1de2560d71b9737eb919747ba9e0.53456200 1377640213', '752ae1de2560d71b9737eb919747ba9e', '2013-08-27 21:50:13', '2013-08-27 21:50:13', '2013-08-27 21:50:13', 'e8f21f1a9425d85cf5c8140afc28f864a894a140', NULL, NULL),
(291, '116752ae1de2560d71b9737eb919747ba9e0.87048700 1377640335', '752ae1de2560d71b9737eb919747ba9e', '2013-08-27 21:52:15', '2013-08-27 21:52:15', '2013-08-27 21:52:15', '4f34cad3702de46a61e7a065d9947e592a6f4866', NULL, NULL),
(292, '648752ae1de2560d71b9737eb919747ba9e0.98088900 1377640335', '752ae1de2560d71b9737eb919747ba9e', '2013-08-27 21:52:15', '2013-08-27 21:52:15', '2013-08-27 21:52:15', '6200d658bb1b72c1978a9142a4aabe163336511c', NULL, NULL),
(293, '953752ae1de2560d71b9737eb919747ba9e0.67743100 1377640732', '752ae1de2560d71b9737eb919747ba9e', '2013-08-27 21:58:52', '2013-08-27 21:58:52', '2013-08-27 21:58:52', 'a9cdae6d437366f50e30b35936585b1330617728', NULL, NULL),
(294, '523752ae1de2560d71b9737eb919747ba9e0.84529800 1377640732', '752ae1de2560d71b9737eb919747ba9e', '2013-08-27 21:58:52', '2013-08-27 21:58:52', '2013-08-27 21:58:52', '553acd8ad86370ab7a7132f001b249a2cf42725f', NULL, NULL),
(295, '162752ae1de2560d71b9737eb919747ba9e0.10868100 1377640779', '752ae1de2560d71b9737eb919747ba9e', '2013-08-27 21:59:39', '2013-08-27 21:59:39', '2013-08-27 21:59:39', '527e032ba62cf43db5912da5ef0d3dac7201c6af', NULL, NULL),
(296, '418752ae1de2560d71b9737eb919747ba9e0.21973200 1377640779', '752ae1de2560d71b9737eb919747ba9e', '2013-08-27 21:59:39', '2013-08-27 21:59:39', '2013-08-27 21:59:39', '6bbda0019a2df0b18c3052b84c9d392d48ba0028', NULL, NULL),
(297, '185752ae1de2560d71b9737eb919747ba9e0.32862500 1377640823', '752ae1de2560d71b9737eb919747ba9e', '2013-08-27 22:00:23', '2013-08-27 22:00:23', '2013-08-27 22:00:23', '9835782d3b35661e749769f6cc938f73d1b1c676', NULL, NULL),
(298, '716752ae1de2560d71b9737eb919747ba9e0.45260400 1377640823', '752ae1de2560d71b9737eb919747ba9e', '2013-08-27 22:00:23', '2013-08-27 22:00:23', '2013-08-27 22:00:23', '4faf2a161c8ca3bb92b405cb329df2e0e131552a', NULL, NULL),
(299, '969752ae1de2560d71b9737eb919747ba9e0.49025500 1377641154', '752ae1de2560d71b9737eb919747ba9e', '2013-08-27 22:05:54', '2013-08-27 22:05:54', '2013-08-27 22:05:54', '60f63443a59ccbb75e93a836e863cc5937ddeee3', NULL, NULL),
(300, '279752ae1de2560d71b9737eb919747ba9e0.62108800 1377641154', '752ae1de2560d71b9737eb919747ba9e', '2013-08-27 22:05:54', '2013-08-27 22:05:54', '2013-08-27 22:05:54', 'c7286ad05a0052c339565c76c902705724be4edb', NULL, NULL),
(301, '242752ae1de2560d71b9737eb919747ba9e0.39317100 1377641263', '752ae1de2560d71b9737eb919747ba9e', '2013-08-27 22:07:43', '2013-08-27 22:07:43', '2013-08-27 22:07:43', 'c9ca056de238b5be8e9968dc50560fb2fe13476b', NULL, NULL),
(302, '422752ae1de2560d71b9737eb919747ba9e0.85319500 1377641396', '752ae1de2560d71b9737eb919747ba9e', '2013-08-27 22:09:56', '2013-08-27 22:09:56', '2013-08-27 22:09:56', 'f2794e4ce29ef46eeb45f016caa321a4382bb472', NULL, NULL),
(303, '36752ae1de2560d71b9737eb919747ba9e0.46053900 1377643550', '752ae1de2560d71b9737eb919747ba9e', '2013-08-27 22:45:50', '2013-08-27 22:45:50', '2013-08-27 22:45:50', 'c1ef27e71598c2663198bc3c3507449f153a0bc2', NULL, NULL),
(304, '448752ae1de2560d71b9737eb919747ba9e0.85841500 1377643585', '752ae1de2560d71b9737eb919747ba9e', '2013-08-27 22:46:25', '2013-08-27 22:46:25', '2013-08-27 22:46:25', '9f2504059ae53887c9ea82ad65752be6d819f027', NULL, NULL),
(305, '104752ae1de2560d71b9737eb919747ba9e0.15561000 1377643625', '752ae1de2560d71b9737eb919747ba9e', '2013-08-27 22:47:05', '2013-08-27 22:47:05', '2013-08-27 22:47:05', 'd20d4e344488009e7b14ea52ec57f810911213ed', NULL, NULL),
(306, '199752ae1de2560d71b9737eb919747ba9e0.33500200 1377643625', '752ae1de2560d71b9737eb919747ba9e', '2013-08-27 22:47:05', '2013-08-27 22:47:05', '2013-08-27 22:47:05', 'c53ee375a354863a7330238852b8cd995a83cc70', NULL, NULL),
(307, '784752ae1de2560d71b9737eb919747ba9e0.43443600 1377643625', '752ae1de2560d71b9737eb919747ba9e', '2013-08-27 22:47:05', '2013-08-27 22:47:05', '2013-08-27 22:47:05', 'fe1c557fe95bc27f53687f9b02b73efe047bd6c1', NULL, NULL),
(308, '259752ae1de2560d71b9737eb919747ba9e0.57882000 1377644260', '752ae1de2560d71b9737eb919747ba9e', '2013-08-27 22:57:40', '2013-08-27 22:57:40', '2013-08-27 22:57:40', 'aa821a4a6ef3a9cecf7b53c968644facd464c76a', NULL, NULL),
(309, '467752ae1de2560d71b9737eb919747ba9e0.46935300 1377644275', '752ae1de2560d71b9737eb919747ba9e', '2013-08-27 22:57:55', '2013-08-27 22:57:55', '2013-08-27 22:57:55', '40ca76f8a36888cdb9290348dedd1ab49c856582', NULL, NULL),
(310, '626752ae1de2560d71b9737eb919747ba9e0.68600300 1377644326', '752ae1de2560d71b9737eb919747ba9e', '2013-08-27 22:58:46', '2013-08-27 22:58:46', '2013-08-27 22:58:46', '1d73a7ac289ae30d0449c75f397bccf2de1d5640', NULL, NULL),
(311, '533752ae1de2560d71b9737eb919747ba9e0.62304300 1377644690', '752ae1de2560d71b9737eb919747ba9e', '2013-08-27 23:04:50', '2013-08-27 23:04:50', '2013-08-27 23:04:50', 'b7c8ad66ffe6acee1129b3db7007fda035769112', NULL, NULL),
(312, '119752ae1de2560d71b9737eb919747ba9e0.82555900 1377644690', '752ae1de2560d71b9737eb919747ba9e', '2013-08-27 23:04:50', '2013-08-27 23:04:50', '2013-08-27 23:04:50', 'd2f2f96508b2047a9b281fa075d456e85a55f963', NULL, NULL),
(313, '492752ae1de2560d71b9737eb919747ba9e0.92029400 1377644690', '752ae1de2560d71b9737eb919747ba9e', '2013-08-27 23:04:50', '2013-08-27 23:04:50', '2013-08-27 23:04:50', '13137381b9b453a1e80d3589cfefc6eda5df936a', NULL, NULL),
(314, '89752ae1de2560d71b9737eb919747ba9e0.71777600 1377677244', '752ae1de2560d71b9737eb919747ba9e', '2013-08-28 08:07:24', '2013-08-28 08:07:24', '2013-08-28 08:07:24', '912d0a430d05e25d367ae407c6f94a9be9c351a5', NULL, NULL),
(315, '651752ae1de2560d71b9737eb919747ba9e0.00794200 1377677255', '752ae1de2560d71b9737eb919747ba9e', '2013-08-28 08:07:35', '2013-08-28 08:07:35', '2013-08-28 08:07:35', '63a9c5cf8e9febbf29ff85f687f754ccaa2c62ab', NULL, NULL),
(316, '355752ae1de2560d71b9737eb919747ba9e0.20029000 1377677255', '752ae1de2560d71b9737eb919747ba9e', '2013-08-28 08:07:35', '2013-08-28 08:07:35', '2013-08-28 08:07:35', 'b8ef08ec60be619677b7a60e8c04a2795e3bcb65', NULL, NULL),
(317, '631752ae1de2560d71b9737eb919747ba9e0.44309900 1377677285', '752ae1de2560d71b9737eb919747ba9e', '2013-08-28 08:08:05', '2013-08-28 08:08:05', '2013-08-28 08:08:05', '213b688e12c87568a312520339865f8bbac05a12', NULL, NULL),
(318, '389752ae1de2560d71b9737eb919747ba9e0.65918900 1377677439', '752ae1de2560d71b9737eb919747ba9e', '2013-08-28 08:10:39', '2013-08-28 08:10:39', '2013-08-28 08:10:39', 'aef011b3c4c1c7dc911a4af814655bd43660baa9', NULL, NULL),
(319, '749752ae1de2560d71b9737eb919747ba9e0.60672500 1377678053', '752ae1de2560d71b9737eb919747ba9e', '2013-08-28 08:20:53', '2013-08-28 08:20:53', '2013-08-28 08:20:53', '6b3773c406709444b92f846903d45e799f1dddd1', NULL, NULL),
(320, '976752ae1de2560d71b9737eb919747ba9e0.87912100 1377678063', '752ae1de2560d71b9737eb919747ba9e', '2013-08-28 08:21:03', '2013-08-28 08:21:03', '2013-08-28 08:21:03', '49d97426e4501cd58f898e16825447f5c4616dbc', NULL, NULL),
(321, '79752ae1de2560d71b9737eb919747ba9e0.14797200 1377678064', '752ae1de2560d71b9737eb919747ba9e', '2013-08-28 08:21:04', '2013-08-28 08:21:04', '2013-08-28 08:21:04', '6e1a04f13939f693ae71d601c05cff091d559c4b', NULL, NULL),
(322, '343752ae1de2560d71b9737eb919747ba9e0.27602600 1377678064', '752ae1de2560d71b9737eb919747ba9e', '2013-08-28 08:21:04', '2013-08-28 08:21:04', '2013-08-28 08:21:04', 'ed418f88f9e72d3d11514cbef96f00c275ac4188', NULL, NULL),
(323, '715752ae1de2560d71b9737eb919747ba9e0.33541700 1377678087', '752ae1de2560d71b9737eb919747ba9e', '2013-08-28 08:21:27', '2013-08-28 08:21:27', '2013-08-28 08:21:27', 'f36366883626b3f580298d8897053c6beb2b7313', NULL, NULL),
(324, '293752ae1de2560d71b9737eb919747ba9e0.47432300 1377678087', '752ae1de2560d71b9737eb919747ba9e', '2013-08-28 08:21:27', '2013-08-28 08:21:27', '2013-08-28 08:21:27', '0d5c97f9f233886cedfba5f6bd31e2828c765fa6', NULL, NULL),
(325, '741752ae1de2560d71b9737eb919747ba9e0.74461000 1377682243', '752ae1de2560d71b9737eb919747ba9e', '2013-08-28 09:30:43', '2013-08-28 09:30:43', '2013-08-28 09:30:43', 'd2268be0183669950b1cfdc5bb022ad07caba286', NULL, NULL),
(326, '148752ae1de2560d71b9737eb919747ba9e0.88302500 1377682378', '752ae1de2560d71b9737eb919747ba9e', '2013-08-28 09:32:58', '2013-08-28 09:32:58', '2013-08-28 09:32:58', '82c2e99f1e85ea961d592125cb327994cb087180', NULL, NULL),
(327, '219752ae1de2560d71b9737eb919747ba9e0.61040200 1377682388', '752ae1de2560d71b9737eb919747ba9e', '2013-08-28 09:33:08', '2013-08-28 09:33:08', '2013-08-28 09:33:08', 'b50c4efdbd782dcce66666ffd06ef603078bcd12', NULL, NULL),
(328, '541752ae1de2560d71b9737eb919747ba9e0.86386600 1377682437', '752ae1de2560d71b9737eb919747ba9e', '2013-08-28 09:33:57', '2013-08-28 09:33:57', '2013-08-28 09:33:57', '0efdf26349f6918001bdece2002915da39131b07', NULL, NULL),
(329, '68941620f818dc61a6b96e1f4b12b2d1c770.06099100 1377682461', '41620f818dc61a6b96e1f4b12b2d1c77', '2013-08-28 09:34:21', '2013-08-28 09:34:21', '2013-08-28 09:34:21', '17bf06b22a478a6f7e0ea7655a2b48ae1a00b4f4', NULL, NULL),
(330, '68941620f818dc61a6b96e1f4b12b2d1c770.34650600 1377683033', '41620f818dc61a6b96e1f4b12b2d1c77', '2013-08-28 09:43:53', '2013-08-28 09:43:53', '2013-08-28 09:43:53', '2d2bac8e9f2d4a6e6f3300a1488190010ac03351', NULL, NULL),
(331, '653752ae1de2560d71b9737eb919747ba9e0.39966800 1377683064', '752ae1de2560d71b9737eb919747ba9e', '2013-08-28 09:44:24', '2013-08-28 09:44:24', '2013-08-28 09:44:24', '3b8b56bb6a52e39880a55f74436af0e7e3960752', NULL, NULL),
(332, '884752ae1de2560d71b9737eb919747ba9e0.45686900 1377683186', '752ae1de2560d71b9737eb919747ba9e', '2013-08-28 09:46:26', '2013-08-28 09:46:26', '2013-08-28 09:46:26', '96c9b1eadac8f06193118615512b31d09d2699fa', NULL, NULL),
(333, '871752ae1de2560d71b9737eb919747ba9e0.29204400 1377683291', '752ae1de2560d71b9737eb919747ba9e', '2013-08-28 09:48:11', '2013-08-28 09:48:11', '2013-08-28 09:48:11', 'fcc05dadbc3141282e19ffc2d869fb894539e436', NULL, NULL),
(334, '90641620f818dc61a6b96e1f4b12b2d1c770.27487500 1377683406', '41620f818dc61a6b96e1f4b12b2d1c77', '2013-08-28 09:50:06', '2013-08-28 09:50:06', '2013-08-28 09:50:06', '87c4f4b3621139eae061f951ed9c08cb1d5df8be', NULL, NULL),
(335, '30241620f818dc61a6b96e1f4b12b2d1c770.45250500 1377683450', '41620f818dc61a6b96e1f4b12b2d1c77', '2013-08-28 09:50:50', '2013-08-28 09:50:50', '2013-08-28 09:50:50', '2370fcd458c647438778342aa767fee2750efa29', NULL, NULL),
(336, '84441620f818dc61a6b96e1f4b12b2d1c770.55480500 1377683473', '41620f818dc61a6b96e1f4b12b2d1c77', '2013-08-28 09:51:13', '2013-08-28 09:51:13', '2013-08-28 09:51:13', 'e75b40ccca4757ab403072e22ab1d800f58734f9', NULL, NULL),
(337, '56241620f818dc61a6b96e1f4b12b2d1c770.17789000 1377683489', '41620f818dc61a6b96e1f4b12b2d1c77', '2013-08-28 09:51:29', '2013-08-28 09:51:29', '2013-08-28 09:51:29', '3f0feace20f5c5c3a3c6cdb6c4e24548d5b8a183', NULL, NULL),
(338, '47541620f818dc61a6b96e1f4b12b2d1c770.53966400 1377683535', '41620f818dc61a6b96e1f4b12b2d1c77', '2013-08-28 09:52:15', '2013-08-28 09:52:15', '2013-08-28 09:52:15', '1d9eac5177192f83abcd9996ed46078c96305950', NULL, NULL),
(339, '22441620f818dc61a6b96e1f4b12b2d1c770.01698600 1377683565', '41620f818dc61a6b96e1f4b12b2d1c77', '2013-08-28 09:52:45', '2013-08-28 09:52:45', '2013-08-28 09:52:45', '4672ae923012003c52e982013f03c7aaafc65fd6', NULL, NULL),
(340, '99541620f818dc61a6b96e1f4b12b2d1c770.93854000 1377683594', '41620f818dc61a6b96e1f4b12b2d1c77', '2013-08-28 09:53:14', '2013-08-28 09:53:14', '2013-08-28 09:53:14', 'a5c8ec77fa6192c57986e177da874a478232e6ad', NULL, NULL),
(341, '72041620f818dc61a6b96e1f4b12b2d1c770.76330600 1377683807', '41620f818dc61a6b96e1f4b12b2d1c77', '2013-08-28 09:56:47', '2013-08-28 09:56:47', '2013-08-28 09:56:47', '4794912dae10971ad301c04ab6a28a8fa4271a04', NULL, NULL),
(342, '38041620f818dc61a6b96e1f4b12b2d1c770.85403300 1377685428', '41620f818dc61a6b96e1f4b12b2d1c77', '2013-08-28 10:23:48', '2013-08-28 10:23:48', '2013-08-28 10:23:48', 'df8c8365dc01dd3e2192c32ebf49d4d34f8df74c', NULL, NULL),
(343, '731752ae1de2560d71b9737eb919747ba9e0.53752500 1377685441', '752ae1de2560d71b9737eb919747ba9e', '2013-08-28 10:24:01', '2013-08-28 10:24:01', '2013-08-28 10:24:01', 'e914c9a0c4de2ac6ad46559738357888237a74fe', NULL, NULL),
(344, '155752ae1de2560d71b9737eb919747ba9e0.35335300 1377685574', '752ae1de2560d71b9737eb919747ba9e', '2013-08-28 10:26:14', '2013-08-28 10:26:14', '2013-08-28 10:26:14', 'c59e62c8b53d94d485df691619fff44aff17eb43', NULL, NULL),
(345, '340752ae1de2560d71b9737eb919747ba9e0.02373900 1377685670', '752ae1de2560d71b9737eb919747ba9e', '2013-08-28 10:27:50', '2013-08-28 10:27:50', '2013-08-28 10:27:50', 'ac3fe4b1170c39470a1fbd2da7d8fb869c8f6a7d', NULL, NULL),
(346, '237752ae1de2560d71b9737eb919747ba9e0.20683100 1377685734', '752ae1de2560d71b9737eb919747ba9e', '2013-08-28 10:28:54', '2013-08-28 10:28:54', '2013-08-28 10:28:54', '2255556bf275ded1993a850a024e22c66e768719', NULL, NULL),
(347, '578752ae1de2560d71b9737eb919747ba9e0.54280400 1377686550', '752ae1de2560d71b9737eb919747ba9e', '2013-08-28 10:42:30', '2013-08-28 10:42:30', '2013-08-28 10:42:30', 'c0bb5df7f464de49c30e26aa8cec1bd9d7199625', NULL, NULL),
(348, '440752ae1de2560d71b9737eb919747ba9e0.54280700 1377686550', '752ae1de2560d71b9737eb919747ba9e', '2013-08-28 10:42:30', '2013-08-28 10:42:30', '2013-08-28 10:42:30', 'd24f3358bbe53dcac69581ff1d49e0e19f677568', NULL, NULL),
(349, '685752ae1de2560d71b9737eb919747ba9e0.12619900 1377687015', '752ae1de2560d71b9737eb919747ba9e', '2013-08-28 10:50:15', '2013-08-28 10:50:15', '2013-08-28 10:50:15', '114a7d174535b325d2a4082e47f797993f3be3e7', NULL, NULL);
INSERT INTO `user` (`id`, `qrcode`, `password`, `created`, `last_login`, `last_active`, `auth_token`, `push_token`, `UUID`) VALUES
(350, '758752ae1de2560d71b9737eb919747ba9e0.13623300 1377687015', '752ae1de2560d71b9737eb919747ba9e', '2013-08-28 10:50:15', '2013-08-28 10:50:15', '2013-08-28 10:50:15', '9196dd21e1726970b907249bff74fafe4b68afb5', NULL, NULL),
(351, '906752ae1de2560d71b9737eb919747ba9e0.02889000 1377687514', '752ae1de2560d71b9737eb919747ba9e', '2013-08-28 10:58:34', '2013-08-28 10:58:35', '2013-08-28 10:58:35', 'e39cf3e473ac0c889bad7bfc7abe21175b4a18ca', NULL, NULL),
(352, '712752ae1de2560d71b9737eb919747ba9e0.79548900 1377687515', '752ae1de2560d71b9737eb919747ba9e', '2013-08-28 10:58:35', '2013-08-28 10:58:35', '2013-08-28 10:58:35', '3641bad381e0c544bfef963d8661fbe6ddd1fd17', NULL, NULL),
(353, '87741620f818dc61a6b96e1f4b12b2d1c770.03169600 1377687516', '41620f818dc61a6b96e1f4b12b2d1c77', '2013-08-28 10:58:36', '2013-08-28 10:58:36', '2013-08-28 10:58:36', 'b06a665d7608802b61984cac1cd21f3f78018bed', NULL, NULL),
(354, '713752ae1de2560d71b9737eb919747ba9e0.04857600 1377687516', '752ae1de2560d71b9737eb919747ba9e', '2013-08-28 10:58:36', '2013-08-28 10:58:36', '2013-08-28 10:58:36', 'd5784a1f6dc9e75dd462007223b60f530f30b739', NULL, NULL),
(355, '963752ae1de2560d71b9737eb919747ba9e0.46389200 1377687581', '752ae1de2560d71b9737eb919747ba9e', '2013-08-28 10:59:41', '2013-08-28 10:59:41', '2013-08-28 10:59:41', 'bfab38d44e7f63ce93b4863b3ef0c66d1d71aef2', NULL, NULL),
(356, '491752ae1de2560d71b9737eb919747ba9e0.72381200 1377687581', '752ae1de2560d71b9737eb919747ba9e', '2013-08-28 10:59:41', '2013-08-28 10:59:41', '2013-08-28 10:59:41', '836f8241a7e251afa1699d19804a49340faa1b6d', NULL, NULL),
(357, '3941620f818dc61a6b96e1f4b12b2d1c770.96528600 1377687581', '41620f818dc61a6b96e1f4b12b2d1c77', '2013-08-28 10:59:41', '2013-08-28 10:59:41', '2013-08-28 10:59:41', '772c7d3bfb865b7d45aabe149de4faada532011c', NULL, NULL),
(358, '478752ae1de2560d71b9737eb919747ba9e0.98781700 1377687581', '752ae1de2560d71b9737eb919747ba9e', '2013-08-28 10:59:42', '2013-08-28 10:59:42', '2013-08-28 10:59:42', 'dcf726f556ed667207de220bc9a2711abbd12b8d', NULL, NULL),
(359, '75752ae1de2560d71b9737eb919747ba9e0.75789900 1377687901', '752ae1de2560d71b9737eb919747ba9e', '2013-08-28 11:05:01', '2013-08-28 11:05:01', '2013-08-28 11:05:01', '4541aec520ea2909be015d258bd311d7d77d773b', NULL, NULL),
(360, '803752ae1de2560d71b9737eb919747ba9e0.18490800 1377687902', '752ae1de2560d71b9737eb919747ba9e', '2013-08-28 11:05:02', '2013-08-28 11:05:02', '2013-08-28 11:05:02', 'dd9decacbf74024b16fcd0f0c78af931a23c25f2', NULL, NULL),
(361, '36941620f818dc61a6b96e1f4b12b2d1c770.45850700 1377687902', '41620f818dc61a6b96e1f4b12b2d1c77', '2013-08-28 11:05:02', '2013-08-28 11:05:02', '2013-08-28 11:05:02', 'a21b40436e3447c4eb8605a9f03fb17c48c08fe3', NULL, NULL),
(362, '779752ae1de2560d71b9737eb919747ba9e0.48509100 1377687902', '752ae1de2560d71b9737eb919747ba9e', '2013-08-28 11:05:02', '2013-08-28 11:05:02', '2013-08-28 11:05:02', '6e5e6bfdf8469c4e8de8c8681684d541c417a0a1', NULL, NULL),
(363, '149752ae1de2560d71b9737eb919747ba9e0.64602100 1377687954', '752ae1de2560d71b9737eb919747ba9e', '2013-08-28 11:05:54', '2013-08-28 11:05:54', '2013-08-28 11:05:54', '57e709ee24ec4d4c6c313b35e926f9c6a3fcac6e', NULL, NULL),
(364, '567752ae1de2560d71b9737eb919747ba9e0.89963400 1377687954', '752ae1de2560d71b9737eb919747ba9e', '2013-08-28 11:05:54', '2013-08-28 11:05:54', '2013-08-28 11:05:54', '9184bcb21ddf6c11cd9138a5b77e58282b5f3b2c', NULL, NULL),
(365, '602752ae1de2560d71b9737eb919747ba9e0.31399100 1377687955', '752ae1de2560d71b9737eb919747ba9e', '2013-08-28 11:05:55', '2013-08-28 11:05:55', '2013-08-28 11:05:55', '68493c26018197f36e81c66d320133179de1c34a', NULL, NULL),
(366, '16641620f818dc61a6b96e1f4b12b2d1c770.34764100 1377687955', '41620f818dc61a6b96e1f4b12b2d1c77', '2013-08-28 11:05:55', '2013-08-28 11:05:55', '2013-08-28 11:05:55', '92518aa0d1178b57b2e82bb54f4d6d66acc04fdc', NULL, NULL),
(367, '256752ae1de2560d71b9737eb919747ba9e0.48590400 1377687965', '752ae1de2560d71b9737eb919747ba9e', '2013-08-28 11:06:05', '2013-08-28 11:06:05', '2013-08-28 11:06:05', 'e4a14e56e5654ce5ec4c1c57994682724d949926', NULL, NULL),
(368, '610752ae1de2560d71b9737eb919747ba9e0.82562100 1377687965', '752ae1de2560d71b9737eb919747ba9e', '2013-08-28 11:06:05', '2013-08-28 11:06:05', '2013-08-28 11:06:05', '182386c4682e6f8860621e6879dbd84e66a0cc7f', NULL, NULL),
(369, '557752ae1de2560d71b9737eb919747ba9e0.07664300 1377687966', '752ae1de2560d71b9737eb919747ba9e', '2013-08-28 11:06:06', '2013-08-28 11:06:06', '2013-08-28 11:06:06', '876d35a6c9857b022324c213c840f3a892a055e9', NULL, NULL),
(370, '94541620f818dc61a6b96e1f4b12b2d1c770.08232000 1377687966', '41620f818dc61a6b96e1f4b12b2d1c77', '2013-08-28 11:06:06', '2013-08-28 11:06:06', '2013-08-28 11:06:06', '63954bfe7a60051440ba98824e73a85599158622', NULL, NULL),
(371, '192752ae1de2560d71b9737eb919747ba9e0.00046800 1377687976', '752ae1de2560d71b9737eb919747ba9e', '2013-08-28 11:06:16', '2013-08-28 11:06:16', '2013-08-28 11:06:16', 'e74bf78ffed3eff99e9fd4c8943c633d3fc21328', NULL, NULL),
(372, '107752ae1de2560d71b9737eb919747ba9e0.27631400 1377687976', '752ae1de2560d71b9737eb919747ba9e', '2013-08-28 11:06:16', '2013-08-28 11:06:16', '2013-08-28 11:06:16', 'ee21df481cb6561cb290aac713fbe606bb7e58de', NULL, NULL),
(373, '996752ae1de2560d71b9737eb919747ba9e0.52701300 1377687976', '752ae1de2560d71b9737eb919747ba9e', '2013-08-28 11:06:16', '2013-08-28 11:06:16', '2013-08-28 11:06:16', 'a0e91cad32a5a3cd2d0609bfa1db14b9a87fb3d8', NULL, NULL),
(374, '100041620f818dc61a6b96e1f4b12b2d1c770.53192000 1377687976', '41620f818dc61a6b96e1f4b12b2d1c77', '2013-08-28 11:06:16', '2013-08-28 11:06:16', '2013-08-28 11:06:16', '3183b23710e158fa8df373f0ad4bcbd2ce7c4ac9', NULL, NULL),
(375, '976752ae1de2560d71b9737eb919747ba9e0.71769400 1377688137', '752ae1de2560d71b9737eb919747ba9e', '2013-08-28 11:08:57', '2013-08-28 11:08:57', '2013-08-28 11:08:57', 'f3e112366ecbe0f096fa869793c0a4f1516b3fc9', NULL, NULL),
(376, '504752ae1de2560d71b9737eb919747ba9e0.98032500 1377688137', '752ae1de2560d71b9737eb919747ba9e', '2013-08-28 11:08:57', '2013-08-28 11:08:57', '2013-08-28 11:08:57', '0a13bca642bd006e4a911de7c57ce50cf4e6f8bf', NULL, NULL),
(377, '948752ae1de2560d71b9737eb919747ba9e0.26253100 1377688138', '752ae1de2560d71b9737eb919747ba9e', '2013-08-28 11:08:58', '2013-08-28 11:08:58', '2013-08-28 11:08:58', 'd8a5424d22a665c35eb0c1946cda4606457220bf', NULL, NULL),
(378, '57841620f818dc61a6b96e1f4b12b2d1c770.26794600 1377688138', '41620f818dc61a6b96e1f4b12b2d1c77', '2013-08-28 11:08:58', '2013-08-28 11:08:58', '2013-08-28 11:08:58', '9f0f7ef4aa887015b008b891c6313a681cbc580b', NULL, NULL),
(379, '682752ae1de2560d71b9737eb919747ba9e0.69646600 1377690524', '752ae1de2560d71b9737eb919747ba9e', '2013-08-28 11:48:44', '2013-08-28 11:48:44', '2013-08-28 11:48:44', '4dadbb618da7cfe4ae87f68888a508da8a4f9304', NULL, NULL),
(380, '964752ae1de2560d71b9737eb919747ba9e0.98773500 1377690690', '752ae1de2560d71b9737eb919747ba9e', '2013-08-28 11:51:31', '2013-08-28 11:51:31', '2013-08-28 11:51:31', '627906be15a2832270057e7f0565d6cf41c1b61d', NULL, NULL),
(381, '952752ae1de2560d71b9737eb919747ba9e0.30120800 1377690917', '752ae1de2560d71b9737eb919747ba9e', '2013-08-28 11:55:17', '2013-08-28 11:55:17', '2013-08-28 11:55:17', '458c151715dd37a07712e14e1b2c3c49a81cdcd6', NULL, NULL),
(382, '332752ae1de2560d71b9737eb919747ba9e0.76826900 1377690941', '752ae1de2560d71b9737eb919747ba9e', '2013-08-28 11:55:41', '2013-08-28 11:55:41', '2013-08-28 11:55:41', '3bb3f862de774e74b049c106c3e76111763b77e1', NULL, NULL),
(383, '895752ae1de2560d71b9737eb919747ba9e0.57555900 1377692527', '752ae1de2560d71b9737eb919747ba9e', '2013-08-28 12:22:07', '2013-08-28 12:22:07', '2013-08-28 12:22:07', '60694781d328601233773ebbb34e84108a95177d', NULL, NULL),
(384, '7201195b73db9688b856e2a0444b1de43060.75721900 1377692527', '1195b73db9688b856e2a0444b1de4306', '2013-08-28 12:22:07', '2013-08-28 12:22:09', '2013-08-28 12:22:09', 'd6e7cb5e1e8cc26f35b5d59026a576a3879af4b0', 'testToken', NULL),
(385, '422752ae1de2560d71b9737eb919747ba9e0.18851600 1377692568', '752ae1de2560d71b9737eb919747ba9e', '2013-08-28 12:22:48', '2013-08-28 12:22:48', '2013-08-28 12:22:48', '0562710ae2c88f6cf3a66249a52d6f3d3a4b1641', NULL, NULL),
(386, '7551195b73db9688b856e2a0444b1de43060.34566100 1377692568', '1195b73db9688b856e2a0444b1de4306', '2013-08-28 12:22:48', '2013-08-28 12:22:50', '2013-08-28 12:22:50', '9ff47d24f01ac730857bc6cf293d3f52aba7f794', 'testToken', NULL),
(387, '338752ae1de2560d71b9737eb919747ba9e0.08363000 1377694476', '752ae1de2560d71b9737eb919747ba9e', '2013-08-28 12:54:36', '2013-08-28 12:54:36', '2013-08-28 12:54:36', '44799c7406b2a1b2d97d6db1c5a460f358f5d498', NULL, NULL),
(388, '60752ae1de2560d71b9737eb919747ba9e0.38528200 1377694476', '752ae1de2560d71b9737eb919747ba9e', '2013-08-28 12:54:36', '2013-08-28 12:54:36', '2013-08-28 12:54:36', 'd7e4ac00655c49575d0b2cfc4a2398f35da6b71c', NULL, NULL),
(389, '539752ae1de2560d71b9737eb919747ba9e0.63690800 1377694476', '752ae1de2560d71b9737eb919747ba9e', '2013-08-28 12:54:36', '2013-08-28 12:54:36', '2013-08-28 12:54:36', '8a317441aa38d3b7cf103f81f6a07ee2eb92922a', NULL, NULL),
(390, '353752ae1de2560d71b9737eb919747ba9e0.34569600 1377694811', '752ae1de2560d71b9737eb919747ba9e', '2013-08-28 13:00:11', '2013-08-28 13:00:11', '2013-08-28 13:00:11', '17a9503ed7322378782b594af5eb04933687cdbe', NULL, NULL),
(391, '230752ae1de2560d71b9737eb919747ba9e0.67129700 1377694811', '752ae1de2560d71b9737eb919747ba9e', '2013-08-28 13:00:11', '2013-08-28 13:00:11', '2013-08-28 13:00:11', '4904709ff9764b959763a45d06bdfbc8ba61970d', NULL, NULL),
(392, '300752ae1de2560d71b9737eb919747ba9e0.04370300 1377694812', '752ae1de2560d71b9737eb919747ba9e', '2013-08-28 13:00:12', '2013-08-28 13:00:12', '2013-08-28 13:00:12', '80c3f35867645f35616b49135c70f25aa6fe3e62', NULL, NULL),
(393, '3752ae1de2560d71b9737eb919747ba9e0.40184300 1377696034', '752ae1de2560d71b9737eb919747ba9e', '2013-08-28 13:20:34', '2013-08-28 13:20:34', '2013-08-28 13:20:34', 'edfbb9b0eda8eb9ec6bf6b0b4cdcb144b94f5dd6', NULL, NULL),
(394, '694752ae1de2560d71b9737eb919747ba9e0.37580700 1377696035', '752ae1de2560d71b9737eb919747ba9e', '2013-08-28 13:20:35', '2013-08-28 13:20:35', '2013-08-28 13:20:35', '4ac23c7682fd661a374297c5bd6d558d258d8c33', NULL, NULL),
(395, '378752ae1de2560d71b9737eb919747ba9e0.18628000 1377696036', '752ae1de2560d71b9737eb919747ba9e', '2013-08-28 13:20:36', '2013-08-28 13:20:38', '2013-08-28 13:20:38', 'd81af6aca9a2371eb2efa2fdd669aec48de97416', 'APA91bEvh_eC_5Vrba29vFhe4dNxmUpRnhaPkXlKHwx7lURXZiVeDaOh0hLP1tcXsmsTiA5NzxwNoxqR1zAK7kw96XsuLkGBQBe0vZVM9F1GavBxmFoYDszANAwtSqRg-P1sZ9Tn66x85QT_0XkyyBmGL9mNhMMfI63O7PPD9VpcdnsqHiWb-8w', NULL),
(396, '848752ae1de2560d71b9737eb919747ba9e0.10653500 1377696352', '752ae1de2560d71b9737eb919747ba9e', '2013-08-28 13:25:52', '2013-08-28 13:25:52', '2013-08-28 13:25:52', 'ddb5adba01dac0636a00472c40e849d7c1c1a7f8', NULL, NULL),
(397, '292752ae1de2560d71b9737eb919747ba9e0.08410000 1377696353', '752ae1de2560d71b9737eb919747ba9e', '2013-08-28 13:25:53', '2013-08-28 13:25:53', '2013-08-28 13:25:53', 'dbee7f24012f265d0d6f5413cc8331447a5e53d2', NULL, NULL),
(398, '717752ae1de2560d71b9737eb919747ba9e0.89715500 1377696353', '752ae1de2560d71b9737eb919747ba9e', '2013-08-28 13:25:53', '2013-08-28 13:25:55', '2013-08-28 13:25:55', '1182a21b52f419719567b92ccebae55b52910d3b', 'APA91bEvh_eC_5Vrba29vFhe4dNxmUpRnhaPkXlKHwx7lURXZiVeDaOh0hLP1tcXsmsTiA5NzxwNoxqR1zAK7kw96XsuLkGBQBe0vZVM9F1GavBxmFoYDszANAwtSqRg-P1sZ9Tn66x85QT_0XkyyBmGL9mNhMMfI63O7PPD9VpcdnsqHiWb-8w', NULL),
(399, '653752ae1de2560d71b9737eb919747ba9e0.02807100 1377696519', '752ae1de2560d71b9737eb919747ba9e', '2013-08-28 13:28:39', '2013-08-28 13:28:39', '2013-08-28 13:28:39', 'bb8b9722771a335f62efc7466dbdb0b965cf5277', NULL, NULL),
(400, '930752ae1de2560d71b9737eb919747ba9e0.51761100 1377696520', '752ae1de2560d71b9737eb919747ba9e', '2013-08-28 13:28:40', '2013-08-28 13:28:40', '2013-08-28 13:28:40', 'ff6a501eaa48424a0c4403762e4e0769af44059e', NULL, NULL),
(401, '305752ae1de2560d71b9737eb919747ba9e0.33262900 1377696521', '752ae1de2560d71b9737eb919747ba9e', '2013-08-28 13:28:41', '2013-08-28 13:28:42', '2013-08-28 13:28:42', '14fb053f24eda10bf5118d1df6a0abc948f736f5', 'APA91bEvh_eC_5Vrba29vFhe4dNxmUpRnhaPkXlKHwx7lURXZiVeDaOh0hLP1tcXsmsTiA5NzxwNoxqR1zAK7kw96XsuLkGBQBe0vZVM9F1GavBxmFoYDszANAwtSqRg-P1sZ9Tn66x85QT_0XkyyBmGL9mNhMMfI63O7PPD9VpcdnsqHiWb-8w', NULL),
(402, '374752ae1de2560d71b9737eb919747ba9e0.06692500 1377696550', '752ae1de2560d71b9737eb919747ba9e', '2013-08-28 13:29:10', '2013-08-28 13:29:11', '2013-08-28 13:29:11', '8ea539ba5187b54f45fa0b7b485145cf19203d2c', 'APA91bEvh_eC_5Vrba29vFhe4dNxmUpRnhaPkXlKHwx7lURXZiVeDaOh0hLP1tcXsmsTiA5NzxwNoxqR1zAK7kw96XsuLkGBQBe0vZVM9F1GavBxmFoYDszANAwtSqRg-P1sZ9Tn66x85QT_0XkyyBmGL9mNhMMfI63O7PPD9VpcdnsqHiWb-8w', NULL),
(403, '929752ae1de2560d71b9737eb919747ba9e0.89569700 1377696682', '752ae1de2560d71b9737eb919747ba9e', '2013-08-28 13:31:22', '2013-08-28 13:31:25', '2013-08-28 13:31:25', 'ab9b7821c626f706e5106557f4c51c1d089b4fed', 'APA91bEvh_eC_5Vrba29vFhe4dNxmUpRnhaPkXlKHwx7lURXZiVeDaOh0hLP1tcXsmsTiA5NzxwNoxqR1zAK7kw96XsuLkGBQBe0vZVM9F1GavBxmFoYDszANAwtSqRg-P1sZ9Tn66x85QT_0XkyyBmGL9mNhMMfI63O7PPD9VpcdnsqHiWb-8w', NULL),
(404, '760752ae1de2560d71b9737eb919747ba9e0.49945800 1377696751', '752ae1de2560d71b9737eb919747ba9e', '2013-08-28 13:32:31', '2013-08-28 13:32:32', '2013-08-28 13:32:32', '01666653ec1cb1eda7c1a80201b33bfdc746c2fc', 'APA91bEvh_eC_5Vrba29vFhe4dNxmUpRnhaPkXlKHwx7lURXZiVeDaOh0hLP1tcXsmsTiA5NzxwNoxqR1zAK7kw96XsuLkGBQBe0vZVM9F1GavBxmFoYDszANAwtSqRg-P1sZ9Tn66x85QT_0XkyyBmGL9mNhMMfI63O7PPD9VpcdnsqHiWb-8w', NULL),
(405, '467752ae1de2560d71b9737eb919747ba9e0.52349200 1377696802', '752ae1de2560d71b9737eb919747ba9e', '2013-08-28 13:33:22', '2013-08-28 13:33:27', '2013-08-28 13:33:27', '4584f688998724f7c9079f2893c54dd996f99604', 'APA91bEvh_eC_5Vrba29vFhe4dNxmUpRnhaPkXlKHwx7lURXZiVeDaOh0hLP1tcXsmsTiA5NzxwNoxqR1zAK7kw96XsuLkGBQBe0vZVM9F1GavBxmFoYDszANAwtSqRg-P1sZ9Tn66x85QT_0XkyyBmGL9mNhMMfI63O7PPD9VpcdnsqHiWb-8w', NULL),
(406, '594752ae1de2560d71b9737eb919747ba9e0.63141200 1377696826', '752ae1de2560d71b9737eb919747ba9e', '2013-08-28 13:33:46', '2013-08-28 13:33:50', '2013-08-28 13:33:50', '30e4aa0a5cfc66b4a0fec9b20e2ab15c5cfec37f', 'APA91bEvh_eC_5Vrba29vFhe4dNxmUpRnhaPkXlKHwx7lURXZiVeDaOh0hLP1tcXsmsTiA5NzxwNoxqR1zAK7kw96XsuLkGBQBe0vZVM9F1GavBxmFoYDszANAwtSqRg-P1sZ9Tn66x85QT_0XkyyBmGL9mNhMMfI63O7PPD9VpcdnsqHiWb-8w', NULL),
(407, '93752ae1de2560d71b9737eb919747ba9e0.05284600 1377696927', '752ae1de2560d71b9737eb919747ba9e', '2013-08-28 13:35:27', '2013-08-28 13:35:30', '2013-08-28 13:35:30', '0b00b77b5daf8431b97ef3491f376c64dd68b946', 'APA91bEvh_eC_5Vrba29vFhe4dNxmUpRnhaPkXlKHwx7lURXZiVeDaOh0hLP1tcXsmsTiA5NzxwNoxqR1zAK7kw96XsuLkGBQBe0vZVM9F1GavBxmFoYDszANAwtSqRg-P1sZ9Tn66x85QT_0XkyyBmGL9mNhMMfI63O7PPD9VpcdnsqHiWb-8w', NULL),
(408, '634752ae1de2560d71b9737eb919747ba9e0.93879500 1377696977', '752ae1de2560d71b9737eb919747ba9e', '2013-08-28 13:36:17', '2013-08-28 13:36:19', '2013-08-28 13:36:19', '67c09f0a75c9908253f0f059f4803d166a5765f5', 'APA91bEvh_eC_5Vrba29vFhe4dNxmUpRnhaPkXlKHwx7lURXZiVeDaOh0hLP1tcXsmsTiA5NzxwNoxqR1zAK7kw96XsuLkGBQBe0vZVM9F1GavBxmFoYDszANAwtSqRg-P1sZ9Tn66x85QT_0XkyyBmGL9mNhMMfI63O7PPD9VpcdnsqHiWb-8w', NULL),
(409, '611752ae1de2560d71b9737eb919747ba9e0.18516700 1377697074', '752ae1de2560d71b9737eb919747ba9e', '2013-08-28 13:37:54', '2013-08-28 13:37:54', '2013-08-28 13:37:54', '73f75592822a08e12a2fea0eb9713664bb5fccb4', NULL, NULL),
(410, '801752ae1de2560d71b9737eb919747ba9e0.82610400 1377700466', '752ae1de2560d71b9737eb919747ba9e', '2013-08-28 14:34:26', '2013-08-28 14:34:28', '2013-08-28 14:34:28', '825cc9f851ae8e16010bdff1bada336555888579', 'APA91bEvh_eC_5Vrba29vFhe4dNxmUpRnhaPkXlKHwx7lURXZiVeDaOh0hLP1tcXsmsTiA5NzxwNoxqR1zAK7kw96XsuLkGBQBe0vZVM9F1GavBxmFoYDszANAwtSqRg-P1sZ9Tn66x85QT_0XkyyBmGL9mNhMMfI63O7PPD9VpcdnsqHiWb-8w', NULL),
(411, '24752ae1de2560d71b9737eb919747ba9e0.22914900 1377700555', '752ae1de2560d71b9737eb919747ba9e', '2013-08-28 14:35:55', '2013-08-28 14:35:56', '2013-08-28 14:35:56', 'e4c66ab068d8e6bbf4b5ea352c22b6a0ebf407fc', 'APA91bEvh_eC_5Vrba29vFhe4dNxmUpRnhaPkXlKHwx7lURXZiVeDaOh0hLP1tcXsmsTiA5NzxwNoxqR1zAK7kw96XsuLkGBQBe0vZVM9F1GavBxmFoYDszANAwtSqRg-P1sZ9Tn66x85QT_0XkyyBmGL9mNhMMfI63O7PPD9VpcdnsqHiWb-8w', NULL),
(412, '660752ae1de2560d71b9737eb919747ba9e0.32794300 1377702376', '752ae1de2560d71b9737eb919747ba9e', '2013-08-28 15:06:16', '2013-08-28 15:06:18', '2013-08-28 15:06:18', 'c8c26081015544326371098ff741335c8b40cb8b', 'APA91bEvh_eC_5Vrba29vFhe4dNxmUpRnhaPkXlKHwx7lURXZiVeDaOh0hLP1tcXsmsTiA5NzxwNoxqR1zAK7kw96XsuLkGBQBe0vZVM9F1GavBxmFoYDszANAwtSqRg-P1sZ9Tn66x85QT_0XkyyBmGL9mNhMMfI63O7PPD9VpcdnsqHiWb-8w', NULL),
(413, '121752ae1de2560d71b9737eb919747ba9e0.30309200 1377703669', '752ae1de2560d71b9737eb919747ba9e', '2013-08-28 15:27:49', '2013-08-28 15:27:51', '2013-08-28 15:27:51', '9dd73a7ee3b7a784cb3d0cb613244e9ebd9534b5', 'APA91bEvh_eC_5Vrba29vFhe4dNxmUpRnhaPkXlKHwx7lURXZiVeDaOh0hLP1tcXsmsTiA5NzxwNoxqR1zAK7kw96XsuLkGBQBe0vZVM9F1GavBxmFoYDszANAwtSqRg-P1sZ9Tn66x85QT_0XkyyBmGL9mNhMMfI63O7PPD9VpcdnsqHiWb-8w', NULL),
(414, '135752ae1de2560d71b9737eb919747ba9e0.42290900 1377703991', '752ae1de2560d71b9737eb919747ba9e', '2013-08-28 15:33:11', '2013-08-28 15:33:12', '2013-08-28 15:33:12', '3d6602bccc8483e0f39eb6c02e6c16ed6426d3a5', 'APA91bEvh_eC_5Vrba29vFhe4dNxmUpRnhaPkXlKHwx7lURXZiVeDaOh0hLP1tcXsmsTiA5NzxwNoxqR1zAK7kw96XsuLkGBQBe0vZVM9F1GavBxmFoYDszANAwtSqRg-P1sZ9Tn66x85QT_0XkyyBmGL9mNhMMfI63O7PPD9VpcdnsqHiWb-8w', NULL),
(415, '262752ae1de2560d71b9737eb919747ba9e0.29339500 1377704076', '752ae1de2560d71b9737eb919747ba9e', '2013-08-28 15:34:36', '2013-08-28 15:34:37', '2013-08-28 15:34:37', 'cf739de1c5ea589daff7ba451f5d183f30aadc69', 'APA91bEvh_eC_5Vrba29vFhe4dNxmUpRnhaPkXlKHwx7lURXZiVeDaOh0hLP1tcXsmsTiA5NzxwNoxqR1zAK7kw96XsuLkGBQBe0vZVM9F1GavBxmFoYDszANAwtSqRg-P1sZ9Tn66x85QT_0XkyyBmGL9mNhMMfI63O7PPD9VpcdnsqHiWb-8w', NULL),
(416, '694752ae1de2560d71b9737eb919747ba9e0.82697900 1377704909', '752ae1de2560d71b9737eb919747ba9e', '2013-08-28 15:48:29', '2013-08-28 15:48:30', '2013-08-28 15:48:30', 'f6cd724a3e027c2445b5fde75eb490430c08b67e', NULL, NULL),
(417, '943752ae1de2560d71b9737eb919747ba9e0.40722900 1377704910', '752ae1de2560d71b9737eb919747ba9e', '2013-08-28 15:48:30', '2013-08-28 15:48:30', '2013-08-28 15:48:30', '76b7074dc910350d4f12a66e4a30b8450e06e4d2', NULL, NULL),
(418, '288752ae1de2560d71b9737eb919747ba9e0.89231600 1377704944', '752ae1de2560d71b9737eb919747ba9e', '2013-08-28 15:49:04', '2013-08-28 15:49:05', '2013-08-28 15:49:05', '131e64f23ecfa8d348e359ea0522ef9075d32a8c', NULL, NULL),
(419, '837752ae1de2560d71b9737eb919747ba9e0.34914700 1377704945', '752ae1de2560d71b9737eb919747ba9e', '2013-08-28 15:49:05', '2013-08-28 15:49:05', '2013-08-28 15:49:05', '7ab9fc9836212d67656c38b470026b861a46c93b', NULL, NULL),
(420, '24752ae1de2560d71b9737eb919747ba9e0.03824100 1377704988', '752ae1de2560d71b9737eb919747ba9e', '2013-08-28 15:49:48', '2013-08-28 15:49:48', '2013-08-28 15:49:48', 'e85227cc842077bec81f77b22338dfbf3ffdde2f', NULL, NULL),
(421, '25752ae1de2560d71b9737eb919747ba9e0.08632400 1377704989', '752ae1de2560d71b9737eb919747ba9e', '2013-08-28 15:49:49', '2013-08-28 15:49:49', '2013-08-28 15:49:49', '85376e869beefe8d67da783af17a1041d0cfabb8', NULL, NULL),
(422, '116752ae1de2560d71b9737eb919747ba9e0.86380800 1377705044', '752ae1de2560d71b9737eb919747ba9e', '2013-08-28 15:50:44', '2013-08-28 15:50:45', '2013-08-28 15:50:45', 'e244b95809511a81619f24fb96aee8cfc414eeb7', NULL, NULL),
(423, '213752ae1de2560d71b9737eb919747ba9e0.48616200 1377705045', '752ae1de2560d71b9737eb919747ba9e', '2013-08-28 15:50:45', '2013-08-28 15:50:45', '2013-08-28 15:50:45', '9a4ee5ff2be87f816612fc795d0fea065eeb9fa4', NULL, NULL),
(424, '510752ae1de2560d71b9737eb919747ba9e0.94377800 1377705045', '752ae1de2560d71b9737eb919747ba9e', '2013-08-28 15:50:45', '2013-08-28 15:50:47', '2013-08-28 15:50:47', '05c3e516bcd207bf30365abc3941564647265f52', 'APA91bFBVKb-3FM67YrNFG1Z1MhyEacy-KcOZ77VDEd054Y5rXStV6ufQD1Jz9zv-YXn6KaC9vTrAj_lFPjbQBOreFoiHq2-MPNNp-tl6imVxJazo40XVF-Zv926y8EzhjDkVJf1uQ6a7jSYaNBo8ylpwRRAFxleOC6v_5-HM0SIPPblO5Ga5MA', NULL),
(425, '47541620f818dc61a6b96e1f4b12b2d1c770.43254700 1377705047', '41620f818dc61a6b96e1f4b12b2d1c77', '2013-08-28 15:50:47', '2013-08-28 15:50:47', '2013-08-28 15:50:47', '291d9933f182b9727ebe2667671de70c3142c254', NULL, NULL),
(426, '96752ae1de2560d71b9737eb919747ba9e0.85506700 1377706550', '752ae1de2560d71b9737eb919747ba9e', '2013-08-28 16:15:50', '2013-08-28 16:15:51', '2013-08-28 16:15:51', '0302552ea6822f363a959df36cb5ecdecaf7b08d', NULL, NULL),
(427, '776752ae1de2560d71b9737eb919747ba9e0.38987100 1377706551', '752ae1de2560d71b9737eb919747ba9e', '2013-08-28 16:15:51', '2013-08-28 16:15:51', '2013-08-28 16:15:51', '4af498aa90b644d90b390086769aadf43a923c73', NULL, NULL),
(428, '923752ae1de2560d71b9737eb919747ba9e0.86679400 1377706551', '752ae1de2560d71b9737eb919747ba9e', '2013-08-28 16:15:51', '2013-08-28 16:15:53', '2013-08-28 16:15:53', 'c9d789f50a178e9f0df8f6664ffca231ebc3d54f', 'APA91bFBVKb-3FM67YrNFG1Z1MhyEacy-KcOZ77VDEd054Y5rXStV6ufQD1Jz9zv-YXn6KaC9vTrAj_lFPjbQBOreFoiHq2-MPNNp-tl6imVxJazo40XVF-Zv926y8EzhjDkVJf1uQ6a7jSYaNBo8ylpwRRAFxleOC6v_5-HM0SIPPblO5Ga5MA', NULL),
(429, '31752ae1de2560d71b9737eb919747ba9e0.29309800 1377706553', '752ae1de2560d71b9737eb919747ba9e', '2013-08-28 16:15:53', '2013-08-28 16:15:53', '2013-08-28 16:15:54', 'e54a539a9dc363f0879453548b5502b77d0747b0', NULL, NULL),
(430, '6241620f818dc61a6b96e1f4b12b2d1c770.50003400 1377706554', '41620f818dc61a6b96e1f4b12b2d1c77', '2013-08-28 16:15:54', '2013-08-28 16:15:54', '2013-08-28 16:15:54', '3ad5ff8789cd25c73b76bd2140f78ca29f282b51', NULL, NULL),
(431, '408752ae1de2560d71b9737eb919747ba9e0.97620800 1377706783', '752ae1de2560d71b9737eb919747ba9e', '2013-08-28 16:19:43', '2013-08-28 16:19:44', '2013-08-28 16:19:44', '52ded3204d71e1cb630f06746d2f52d7be304da4', 'APA91bE4J5kZlC3n2LPTFLZo50q5NB_DqWDxhtadE6aVazI20PTFE6lNy-kgiTZ_TRkkinnEzFhUKDa4K3IXOaQvyuLVAXubjP88FTcStN9Is9z_R32ym2E5-z38stocxxnttdlmCkETWuUiyXFt3EuhpWsarWgsSkGvdfkASs7d2CPVINjeCTQ', NULL),
(432, '260752ae1de2560d71b9737eb919747ba9e0.03788300 1377706785', '752ae1de2560d71b9737eb919747ba9e', '2013-08-28 16:19:45', '2013-08-28 16:19:45', '2013-08-28 16:19:45', 'ea77412d4435d04f3b21bc8bfe1600ffa3ad330b', NULL, NULL),
(433, '425752ae1de2560d71b9737eb919747ba9e0.79104800 1377707076', '752ae1de2560d71b9737eb919747ba9e', '2013-08-28 16:24:36', '2013-08-28 16:24:38', '2013-08-28 16:24:38', '8811adeea786fbec6ca8cca081d29e8ac9176618', 'APA91bE4J5kZlC3n2LPTFLZo50q5NB_DqWDxhtadE6aVazI20PTFE6lNy-kgiTZ_TRkkinnEzFhUKDa4K3IXOaQvyuLVAXubjP88FTcStN9Is9z_R32ym2E5-z38stocxxnttdlmCkETWuUiyXFt3EuhpWsarWgsSkGvdfkASs7d2CPVINjeCTQ', NULL),
(434, '53752ae1de2560d71b9737eb919747ba9e0.49758600 1377707078', '752ae1de2560d71b9737eb919747ba9e', '2013-08-28 16:24:38', '2013-08-28 16:24:38', '2013-08-28 16:24:40', 'aea23bc6402076de297a4c1f69bf7657a7cbdb26', NULL, NULL),
(435, '632752ae1de2560d71b9737eb919747ba9e0.85063100 1377762834', '752ae1de2560d71b9737eb919747ba9e', '2013-08-29 07:53:54', '2013-08-29 07:53:56', '2013-08-29 07:53:56', '554c5f8042118e4d8105ab475a0c2f04a9440aa8', 'APA91bE4J5kZlC3n2LPTFLZo50q5NB_DqWDxhtadE6aVazI20PTFE6lNy-kgiTZ_TRkkinnEzFhUKDa4K3IXOaQvyuLVAXubjP88FTcStN9Is9z_R32ym2E5-z38stocxxnttdlmCkETWuUiyXFt3EuhpWsarWgsSkGvdfkASs7d2CPVINjeCTQ', NULL),
(436, '972752ae1de2560d71b9737eb919747ba9e0.49859500 1377762836', '752ae1de2560d71b9737eb919747ba9e', '2013-08-29 07:53:56', '2013-08-29 07:53:56', '2013-08-29 07:53:57', '7e8d454f507924a811ab9485c031b25c70320258', NULL, NULL),
(437, '714752ae1de2560d71b9737eb919747ba9e0.65772500 1377762907', '752ae1de2560d71b9737eb919747ba9e', '2013-08-29 07:55:07', '2013-08-29 07:55:08', '2013-08-29 07:55:08', '9cfbeb5bd0f8078941e981ef979a5d0518c3ef3f', NULL, NULL),
(438, '998752ae1de2560d71b9737eb919747ba9e0.23776100 1377762990', '752ae1de2560d71b9737eb919747ba9e', '2013-08-29 07:56:30', '2013-08-29 07:56:31', '2013-08-29 07:56:31', '18c9e77fb3bc2cf19636bbb6e27645a6fd35daca', NULL, NULL),
(439, '165752ae1de2560d71b9737eb919747ba9e0.93617600 1377763114', '752ae1de2560d71b9737eb919747ba9e', '2013-08-29 07:58:34', '2013-08-29 07:58:37', '2013-08-29 07:58:37', 'de00ca28c1ccccd719cb83bbb45480b42cab8577', 'APA91bE4J5kZlC3n2LPTFLZo50q5NB_DqWDxhtadE6aVazI20PTFE6lNy-kgiTZ_TRkkinnEzFhUKDa4K3IXOaQvyuLVAXubjP88FTcStN9Is9z_R32ym2E5-z38stocxxnttdlmCkETWuUiyXFt3EuhpWsarWgsSkGvdfkASs7d2CPVINjeCTQ', NULL),
(440, '876752ae1de2560d71b9737eb919747ba9e0.71741800 1377763118', '752ae1de2560d71b9737eb919747ba9e', '2013-08-29 07:58:38', '2013-08-29 07:58:39', '2013-08-29 07:58:41', 'a801c058912b86ca9822ec3b84a5d537fdbfdafb', NULL, NULL),
(441, '733752ae1de2560d71b9737eb919747ba9e0.31335600 1377763157', '752ae1de2560d71b9737eb919747ba9e', '2013-08-29 07:59:17', '2013-08-29 07:59:18', '2013-08-29 07:59:18', '185e06737e18ac8d20a424d320a43cad2f8bac78', 'APA91bE4J5kZlC3n2LPTFLZo50q5NB_DqWDxhtadE6aVazI20PTFE6lNy-kgiTZ_TRkkinnEzFhUKDa4K3IXOaQvyuLVAXubjP88FTcStN9Is9z_R32ym2E5-z38stocxxnttdlmCkETWuUiyXFt3EuhpWsarWgsSkGvdfkASs7d2CPVINjeCTQ', NULL),
(442, '755752ae1de2560d71b9737eb919747ba9e0.84210800 1377763158', '752ae1de2560d71b9737eb919747ba9e', '2013-08-29 07:59:18', '2013-08-29 07:59:19', '2013-08-29 07:59:20', '0f156d53a89c471ee50098fdeb86a3d2ff84aeb7', NULL, NULL),
(443, '391752ae1de2560d71b9737eb919747ba9e0.17240500 1377763211', '752ae1de2560d71b9737eb919747ba9e', '2013-08-29 08:00:11', '2013-08-29 08:00:14', '2013-08-29 08:00:14', 'bfa34471a395f67a941bca882eb7224fe4468a90', NULL, NULL),
(444, '660752ae1de2560d71b9737eb919747ba9e0.18372200 1377763690', '752ae1de2560d71b9737eb919747ba9e', '2013-08-29 08:08:10', '2013-08-29 08:08:12', '2013-08-29 08:08:12', '5924d19715bb43ffad5931a9ea82b326fb146180', 'APA91bEvh_eC_5Vrba29vFhe4dNxmUpRnhaPkXlKHwx7lURXZiVeDaOh0hLP1tcXsmsTiA5NzxwNoxqR1zAK7kw96XsuLkGBQBe0vZVM9F1GavBxmFoYDszANAwtSqRg-P1sZ9Tn66x85QT_0XkyyBmGL9mNhMMfI63O7PPD9VpcdnsqHiWb-8w', NULL),
(445, '119752ae1de2560d71b9737eb919747ba9e0.06811400 1377763693', '752ae1de2560d71b9737eb919747ba9e', '2013-08-29 08:08:13', '2013-08-29 08:08:13', '2013-08-29 08:08:13', 'b06e48666844fac718c7213bf05d91fa4c7737c0', NULL, NULL),
(446, '613752ae1de2560d71b9737eb919747ba9e0.03375200 1377765876', '752ae1de2560d71b9737eb919747ba9e', '2013-08-29 08:44:36', '2013-08-29 08:44:37', '2013-08-29 08:44:37', '3c0720c51e5336d60202396c085937f27b73a147', 'APA91bEvh_eC_5Vrba29vFhe4dNxmUpRnhaPkXlKHwx7lURXZiVeDaOh0hLP1tcXsmsTiA5NzxwNoxqR1zAK7kw96XsuLkGBQBe0vZVM9F1GavBxmFoYDszANAwtSqRg-P1sZ9Tn66x85QT_0XkyyBmGL9mNhMMfI63O7PPD9VpcdnsqHiWb-8w', NULL),
(447, '223752ae1de2560d71b9737eb919747ba9e0.99971100 1377765877', '752ae1de2560d71b9737eb919747ba9e', '2013-08-29 08:44:38', '2013-08-29 08:44:38', '2013-08-29 08:44:38', 'bcdd7e7d8e7ff82eee76a479ae77cdaa95a9be2c', NULL, NULL),
(448, '496752ae1de2560d71b9737eb919747ba9e0.05073800 1377765996', '752ae1de2560d71b9737eb919747ba9e', '2013-08-29 08:46:36', '2013-08-29 08:46:37', '2013-08-29 08:46:37', 'afac2ac127a7498e5542f5d044b691ce057562fd', 'APA91bEvh_eC_5Vrba29vFhe4dNxmUpRnhaPkXlKHwx7lURXZiVeDaOh0hLP1tcXsmsTiA5NzxwNoxqR1zAK7kw96XsuLkGBQBe0vZVM9F1GavBxmFoYDszANAwtSqRg-P1sZ9Tn66x85QT_0XkyyBmGL9mNhMMfI63O7PPD9VpcdnsqHiWb-8w', NULL),
(449, '761752ae1de2560d71b9737eb919747ba9e0.30278000 1377765997', '752ae1de2560d71b9737eb919747ba9e', '2013-08-29 08:46:37', '2013-08-29 08:46:37', '2013-08-29 08:46:37', '5af6c7663b94649baae8c9e80ca931f49fd8f2ce', NULL, NULL),
(450, '287752ae1de2560d71b9737eb919747ba9e0.49498700 1377766151', '752ae1de2560d71b9737eb919747ba9e', '2013-08-29 08:49:11', '2013-08-29 08:49:13', '2013-08-29 08:49:13', '9bed9a820b783d968bc3491a5b97f39f6408bea3', 'APA91bEvh_eC_5Vrba29vFhe4dNxmUpRnhaPkXlKHwx7lURXZiVeDaOh0hLP1tcXsmsTiA5NzxwNoxqR1zAK7kw96XsuLkGBQBe0vZVM9F1GavBxmFoYDszANAwtSqRg-P1sZ9Tn66x85QT_0XkyyBmGL9mNhMMfI63O7PPD9VpcdnsqHiWb-8w', NULL),
(451, '24752ae1de2560d71b9737eb919747ba9e0.32055700 1377766153', '752ae1de2560d71b9737eb919747ba9e', '2013-08-29 08:49:13', '2013-08-29 08:49:13', '2013-08-29 08:49:14', 'ced10c9b59e9d04ec3ca01b5d81275a68645e6b4', NULL, NULL),
(452, '628752ae1de2560d71b9737eb919747ba9e0.61174700 1377766239', '752ae1de2560d71b9737eb919747ba9e', '2013-08-29 08:50:39', '2013-08-29 08:51:54', '2013-08-29 08:51:54', 'bf96542b622847b7f5106593c5726418743fa95c', 'APA91bEvh_eC_5Vrba29vFhe4dNxmUpRnhaPkXlKHwx7lURXZiVeDaOh0hLP1tcXsmsTiA5NzxwNoxqR1zAK7kw96XsuLkGBQBe0vZVM9F1GavBxmFoYDszANAwtSqRg-P1sZ9Tn66x85QT_0XkyyBmGL9mNhMMfI63O7PPD9VpcdnsqHiWb-8w', NULL),
(453, '117752ae1de2560d71b9737eb919747ba9e0.84098500 1377766314', '752ae1de2560d71b9737eb919747ba9e', '2013-08-29 08:51:54', '2013-08-29 08:51:55', '2013-08-29 08:51:55', 'ba76204e79dc0108c3f4cbb5ed79b65f6db6cf7e', NULL, NULL),
(454, '407752ae1de2560d71b9737eb919747ba9e0.59071500 1377766337', '752ae1de2560d71b9737eb919747ba9e', '2013-08-29 08:52:17', '2013-08-29 08:52:18', '2013-08-29 08:52:18', 'bfa5794e635438c0a168c109c75860d8f34cbe8d', NULL, NULL),
(455, '851752ae1de2560d71b9737eb919747ba9e0.56605600 1377766373', '752ae1de2560d71b9737eb919747ba9e', '2013-08-29 08:52:53', '2013-08-29 08:52:54', '2013-08-29 08:52:54', '8acc7461fe0758ff13507a3f2061b1afd4568104', 'APA91bEvh_eC_5Vrba29vFhe4dNxmUpRnhaPkXlKHwx7lURXZiVeDaOh0hLP1tcXsmsTiA5NzxwNoxqR1zAK7kw96XsuLkGBQBe0vZVM9F1GavBxmFoYDszANAwtSqRg-P1sZ9Tn66x85QT_0XkyyBmGL9mNhMMfI63O7PPD9VpcdnsqHiWb-8w', NULL),
(456, '432752ae1de2560d71b9737eb919747ba9e0.92916300 1377766374', '752ae1de2560d71b9737eb919747ba9e', '2013-08-29 08:52:54', '2013-08-29 08:52:55', '2013-08-29 08:52:55', '7306df358d8bbd87d499a3e2f108d39d115c5e3a', NULL, NULL),
(457, '152752ae1de2560d71b9737eb919747ba9e0.25968200 1377766611', '752ae1de2560d71b9737eb919747ba9e', '2013-08-29 08:56:51', '2013-08-29 08:56:53', '2013-08-29 08:56:53', '4769a86bb8a8b90ee626657fa5747b87a38c06c2', 'APA91bEvh_eC_5Vrba29vFhe4dNxmUpRnhaPkXlKHwx7lURXZiVeDaOh0hLP1tcXsmsTiA5NzxwNoxqR1zAK7kw96XsuLkGBQBe0vZVM9F1GavBxmFoYDszANAwtSqRg-P1sZ9Tn66x85QT_0XkyyBmGL9mNhMMfI63O7PPD9VpcdnsqHiWb-8w', NULL),
(458, '581752ae1de2560d71b9737eb919747ba9e0.36538500 1377766613', '752ae1de2560d71b9737eb919747ba9e', '2013-08-29 08:56:53', '2013-08-29 08:56:53', '2013-08-29 08:56:54', '89e179ff2656de0b5b0ea06ca5d3cc5d080cbacb', NULL, NULL),
(459, '855752ae1de2560d71b9737eb919747ba9e0.22999600 1377766664', '752ae1de2560d71b9737eb919747ba9e', '2013-08-29 08:57:44', '2013-08-29 08:57:45', '2013-08-29 08:57:45', '0ac6199dad46bee9743da82189f2cba638ec6fd9', 'APA91bEvh_eC_5Vrba29vFhe4dNxmUpRnhaPkXlKHwx7lURXZiVeDaOh0hLP1tcXsmsTiA5NzxwNoxqR1zAK7kw96XsuLkGBQBe0vZVM9F1GavBxmFoYDszANAwtSqRg-P1sZ9Tn66x85QT_0XkyyBmGL9mNhMMfI63O7PPD9VpcdnsqHiWb-8w', NULL),
(460, '106752ae1de2560d71b9737eb919747ba9e0.88544200 1377766665', '752ae1de2560d71b9737eb919747ba9e', '2013-08-29 08:57:45', '2013-08-29 08:57:46', '2013-08-29 08:57:46', '57bd4964b977d845d8a64ceb78f617dbe40cf543', NULL, NULL),
(461, '892752ae1de2560d71b9737eb919747ba9e0.82746100 1377766724', '752ae1de2560d71b9737eb919747ba9e', '2013-08-29 08:58:44', '2013-08-29 08:59:00', '2013-08-29 08:59:00', '4390ecba63a1840d5f003a1041561136cb27f8a8', 'APA91bEvh_eC_5Vrba29vFhe4dNxmUpRnhaPkXlKHwx7lURXZiVeDaOh0hLP1tcXsmsTiA5NzxwNoxqR1zAK7kw96XsuLkGBQBe0vZVM9F1GavBxmFoYDszANAwtSqRg-P1sZ9Tn66x85QT_0XkyyBmGL9mNhMMfI63O7PPD9VpcdnsqHiWb-8w', NULL),
(462, '181752ae1de2560d71b9737eb919747ba9e0.85058400 1377766740', '752ae1de2560d71b9737eb919747ba9e', '2013-08-29 08:59:00', '2013-08-29 08:59:01', '2013-08-29 08:59:02', '3775a730ee7bed09425e00bedd6e9bd1e58532d9', NULL, NULL),
(463, '442752ae1de2560d71b9737eb919747ba9e0.23268800 1377767103', '752ae1de2560d71b9737eb919747ba9e', '2013-08-29 09:05:03', '2013-08-29 09:05:20', '2013-08-29 09:05:20', 'cc495ceca6d0a11a9d0d342e7da87418de4de147', 'APA91bEvh_eC_5Vrba29vFhe4dNxmUpRnhaPkXlKHwx7lURXZiVeDaOh0hLP1tcXsmsTiA5NzxwNoxqR1zAK7kw96XsuLkGBQBe0vZVM9F1GavBxmFoYDszANAwtSqRg-P1sZ9Tn66x85QT_0XkyyBmGL9mNhMMfI63O7PPD9VpcdnsqHiWb-8w', NULL),
(464, '687752ae1de2560d71b9737eb919747ba9e0.01626500 1377767121', '752ae1de2560d71b9737eb919747ba9e', '2013-08-29 09:05:21', '2013-08-29 09:05:21', '2013-08-29 09:05:23', '606031b726bf7f9d74b0bff1507f62da9c5021bf', NULL, NULL),
(465, '109752ae1de2560d71b9737eb919747ba9e0.02629200 1377767193', '752ae1de2560d71b9737eb919747ba9e', '2013-08-29 09:06:33', '2013-08-29 09:06:33', '2013-08-29 09:06:33', 'b5dd682eda16ca1660d9c7c074fd738fad650899', NULL, NULL),
(466, '295752ae1de2560d71b9737eb919747ba9e0.57527400 1377767352', '752ae1de2560d71b9737eb919747ba9e', '2013-08-29 09:09:12', '2013-08-29 09:09:13', '2013-08-29 09:09:13', '7601a64b4b399bb855721eaa1e60c838dd7a4ca6', NULL, NULL),
(467, '505752ae1de2560d71b9737eb919747ba9e0.52864900 1377767425', '752ae1de2560d71b9737eb919747ba9e', '2013-08-29 09:10:25', '2013-08-29 09:10:50', '2013-08-29 09:10:50', '0e245d92d2fc5eb87a6bceaaa540c4b729533659', 'APA91bE4J5kZlC3n2LPTFLZo50q5NB_DqWDxhtadE6aVazI20PTFE6lNy-kgiTZ_TRkkinnEzFhUKDa4K3IXOaQvyuLVAXubjP88FTcStN9Is9z_R32ym2E5-z38stocxxnttdlmCkETWuUiyXFt3EuhpWsarWgsSkGvdfkASs7d2CPVINjeCTQ', NULL),
(468, '959752ae1de2560d71b9737eb919747ba9e0.05622700 1377767451', '752ae1de2560d71b9737eb919747ba9e', '2013-08-29 09:10:51', '2013-08-29 09:10:51', '2013-08-29 09:10:52', 'c9b53b35af3027b7b015f36fc7865f37bef3daee', NULL, NULL),
(469, '452752ae1de2560d71b9737eb919747ba9e0.01859500 1377767526', '752ae1de2560d71b9737eb919747ba9e', '2013-08-29 09:12:06', '2013-08-29 09:12:07', '2013-08-29 09:12:07', '09d19eb2f0a1d00b335aff40bede20ffb7b82e63', 'APA91bE4J5kZlC3n2LPTFLZo50q5NB_DqWDxhtadE6aVazI20PTFE6lNy-kgiTZ_TRkkinnEzFhUKDa4K3IXOaQvyuLVAXubjP88FTcStN9Is9z_R32ym2E5-z38stocxxnttdlmCkETWuUiyXFt3EuhpWsarWgsSkGvdfkASs7d2CPVINjeCTQ', NULL),
(470, '434752ae1de2560d71b9737eb919747ba9e0.24247700 1377767527', '752ae1de2560d71b9737eb919747ba9e', '2013-08-29 09:12:07', '2013-08-29 09:12:07', '2013-08-29 09:12:07', '75d2b5ed2693993939efc0aee359a88ddad2bdef', NULL, NULL),
(471, '865752ae1de2560d71b9737eb919747ba9e0.49993900 1377767817', '752ae1de2560d71b9737eb919747ba9e', '2013-08-29 09:16:57', '2013-08-29 09:16:58', '2013-08-29 09:16:58', '35dcfae6730589462234f6a5a0dc46febf0d3f09', 'APA91bE4J5kZlC3n2LPTFLZo50q5NB_DqWDxhtadE6aVazI20PTFE6lNy-kgiTZ_TRkkinnEzFhUKDa4K3IXOaQvyuLVAXubjP88FTcStN9Is9z_R32ym2E5-z38stocxxnttdlmCkETWuUiyXFt3EuhpWsarWgsSkGvdfkASs7d2CPVINjeCTQ', NULL),
(472, '569752ae1de2560d71b9737eb919747ba9e0.69792000 1377767818', '752ae1de2560d71b9737eb919747ba9e', '2013-08-29 09:16:58', '2013-08-29 09:16:58', '2013-08-29 09:16:59', 'fff8c0bf8951f81759abdfd29cb648bc2c509f36', NULL, NULL),
(473, '759752ae1de2560d71b9737eb919747ba9e0.50364200 1377769153', '752ae1de2560d71b9737eb919747ba9e', '2013-08-29 09:39:13', '2013-08-29 09:39:14', '2013-08-29 09:39:14', 'a876f3bf947cb698d854c0e6203cd3892da45d3b', 'APA91bE4J5kZlC3n2LPTFLZo50q5NB_DqWDxhtadE6aVazI20PTFE6lNy-kgiTZ_TRkkinnEzFhUKDa4K3IXOaQvyuLVAXubjP88FTcStN9Is9z_R32ym2E5-z38stocxxnttdlmCkETWuUiyXFt3EuhpWsarWgsSkGvdfkASs7d2CPVINjeCTQ', NULL),
(474, '657752ae1de2560d71b9737eb919747ba9e0.59999400 1377769154', '752ae1de2560d71b9737eb919747ba9e', '2013-08-29 09:39:14', '2013-08-29 09:39:14', '2013-08-29 09:39:15', '84acd3d37fe37f0be1b705b291cf123ca04c6b5f', NULL, NULL),
(475, '560752ae1de2560d71b9737eb919747ba9e0.38319300 1377769291', '752ae1de2560d71b9737eb919747ba9e', '2013-08-29 09:41:31', '2013-08-29 09:41:33', '2013-08-29 09:41:33', '66dce86fe7cb95962b6b7458e83073e15dfcc011', 'APA91bE4J5kZlC3n2LPTFLZo50q5NB_DqWDxhtadE6aVazI20PTFE6lNy-kgiTZ_TRkkinnEzFhUKDa4K3IXOaQvyuLVAXubjP88FTcStN9Is9z_R32ym2E5-z38stocxxnttdlmCkETWuUiyXFt3EuhpWsarWgsSkGvdfkASs7d2CPVINjeCTQ', NULL),
(476, '544752ae1de2560d71b9737eb919747ba9e0.04542300 1377769294', '752ae1de2560d71b9737eb919747ba9e', '2013-08-29 09:41:34', '2013-08-29 09:41:34', '2013-08-29 09:41:36', 'f1d1b2bb77f7dfaf0c2572ec561b5aa4ec2c9273', NULL, NULL),
(477, '822c4ca4238a0b923820dcc509a6f75849b0.62989500 1384267156', 'c4ca4238a0b923820dcc509a6f75849b', '2013-11-12 14:39:17', '2014-01-17 11:07:35', '2013-11-12 16:04:21', 'bacdc21503a541d20d5834f0a4c8e53c372c60a0', '124124124124124', NULL),
(478, '2510.48905700 1384325178', 'c4ca4238a0b923820dcc509a6f75849b', '2013-11-13 06:46:18', '2014-01-17 11:24:49', '2013-11-13 09:59:07', '1cf9acca8489d472523edaad4300aea9b90352d9', '14124124', NULL),
(479, '17210.20144800 1384339009', 'c4ca4238a0b923820dcc509a6f75849b', '2013-11-13 10:36:49', '2014-01-17 11:26:53', '2013-11-13 13:00:16', 'd8b1b7959dbb9cb85546976e4948a53b7aa32975', '132132', NULL),
(480, '123123123123123', NULL, '2013-11-13 11:33:55', '2014-01-17 11:27:01', '2013-11-13 11:33:55', NULL, '124124', NULL),
(481, '80010.68539600 1384352646', '1', '2013-11-13 14:24:06', '2013-11-13 14:24:06', '2013-11-13 14:33:18', 'd3f3884e4d4268d23f3b1ef094df6ccf01032376', NULL, NULL),
(482, '91110.24593300 1384357097', '1', '2013-11-13 15:38:17', '2013-11-13 15:38:17', '2013-11-13 15:49:21', '6566d3e981bd497cd942fff92a0179129558bb05', NULL, NULL),
(483, '9210.62139200 1384412696', '1', '2013-11-14 07:04:56', '2013-11-14 07:04:56', '2013-11-14 16:11:44', 'ece0bd8176a0718e408656441a292a4e436d039f', NULL, NULL),
(484, '52810.73813600 1384501819', '1', '2013-11-15 07:50:19', '2013-11-15 07:50:19', '2013-11-15 07:55:48', '0aaf0c69bab74f8f6d9da99b82ae4639afd293c1', NULL, NULL),
(485, '11210.90810100 1384502178', '1', '2013-11-15 07:56:18', '2013-11-15 07:56:18', '2013-11-15 08:37:05', '3899e8aff04ad68520c5fbaed5eface05fd46ee0', NULL, NULL),
(486, '978822c4ca4238a0b0.09792400 1384508684', '822c4ca4238a0b', '2013-11-15 09:44:44', '2013-11-15 09:44:44', '2013-11-15 10:07:42', '355aadba4aa7b137263a76da0a9727c582404528', NULL, NULL),
(487, '736822c4ca4238a0b0.27541800 1384521750', '822c4ca4238a0b', '2013-11-15 13:22:30', '2013-11-15 13:22:30', '2013-11-15 13:22:30', '1204af0246b91f20a3f3aac2bff4217169fb2153', NULL, NULL),
(488, '374822cdvsda4238a0b0.79884800 1384521936', '822cdvsda4238a0b', '2013-11-15 13:25:36', '2013-11-15 13:25:36', '2013-11-15 14:16:29', 'bb33378a3c61a8e3af4ba8c3dcb28f8303a36745', NULL, NULL),
(489, '483822cdvsda4238a0b10.67115000 1384779031', '822cdvsda4238a0b1', '2013-11-18 12:50:31', '2013-11-18 12:50:31', '2013-11-18 12:56:32', '5013d9106dc1b1a315f258b93110732402c52830', NULL, NULL),
(490, '390822cdvs3da4238a0b10.31462400 1384784089', '822cdvs3da4238a0b1', '2013-11-18 14:14:49', '2013-11-18 14:14:49', '2013-11-18 14:25:56', '27d0f4e77d52d4bd9e2f7fc50def2c2009c8ed0b', NULL, NULL),
(491, '500822cdvsda4238a0b10.20812400 1384849437', '822cdvsda4238a0b1', '2013-11-19 08:23:57', '2013-11-19 08:23:57', '2013-11-19 09:48:46', '0ae16b9921365cda49810162baabb4d80c165af9', NULL, NULL),
(492, '119822cdvsda4238a0b10.22075800 1384861099', '822cdvsda4238a0b1', '2013-11-19 11:38:19', '2013-11-19 11:38:19', '2013-11-19 13:28:57', '7ffecfb7adcd206b011eb7025af85cfbd13cd275', NULL, NULL),
(493, '817822cdvsda4238a0b10.31309100 1384935223', '822cdvsda4238a0b1', '2013-11-20 08:13:43', '2013-11-20 08:13:43', '2013-11-20 08:44:36', 'f4590b398281fb52d7141a39d0065869ee9bffcb', NULL, NULL),
(494, '491822cdvsda4238a0b10.61033400 1384940789', '822cdvsda4238a0b1', '2013-11-20 09:46:29', '2013-11-20 09:46:29', '2013-11-20 10:51:24', '883b1f6eeb0a49f9073438d1c05f64e35ae73f0d', NULL, NULL),
(495, '167822cdvsda4238a0b10.54653300 1384942699', '822cdvsda4238a0b1', '2013-11-20 10:18:19', '2013-11-20 10:18:19', '2013-11-20 10:18:19', '75cf7cc9053744bf3a5ca1d9e937c174e246fa76', NULL, NULL),
(496, '484822cdvsda4238a0b10.24943000 1384942724', '822cdvsda4238a0b1', '2013-11-20 10:18:44', '2014-01-17 11:31:36', '2013-11-20 10:18:44', '3e0f464674ac6b765b9c0c8cc21dc3caf52953de', '123123', NULL),
(497, '210822cdvsda4238a0b10.93064900 1384944862', '822cdvsda4238a0b1', '2013-11-20 10:54:22', '2013-11-20 10:54:22', '2013-11-20 10:58:51', 'a60551de6e55fd2faac0bbe425e34c8706f7ac83', NULL, NULL),
(498, '905822cdvsda4238a0b10.93974000 1384944869', '822cdvsda4238a0b1', '2013-11-20 10:54:30', '2013-11-20 10:54:30', '2013-11-20 10:55:14', '2f787c9dae9a45691d5fd555092824bd24252bbc', NULL, NULL),
(499, '188822cdvsda4238a0b10.81366500 1385623656', '822cdvsda4238a0b1', '2013-11-28 07:27:37', '2013-11-28 07:27:37', '2013-11-28 07:30:54', '40340fa04bb19fe621e04adcfb2cc2b9f716048b', NULL, NULL),
(500, '759822c2dvsda4238a0b10.75819200 1385623674', '822c2dvsda4238a0b1', '2013-11-28 07:27:54', '2013-11-28 07:27:54', '2013-11-28 09:10:24', '0ff63cf46d697911c6050f664cdf0708bffb996e', NULL, NULL),
(501, '515822c2dvsda4238a0b10.48140500 1385710070', '822c2dvsda4238a0b1', '2013-11-29 07:27:50', '2013-11-29 07:27:50', '2013-11-29 07:30:12', 'ef33fa5e11e5d3117a1342f8dbc9cfe7d0b73585', NULL, NULL),
(502, '266822c2dvsda4238a0b10.07431200 1385977834', '822c2dvsda4238a0b1', '2013-12-02 09:50:34', '2013-12-02 09:50:34', '2013-12-02 10:26:54', '209901397c256184e3a73590d60e2e0a7c923768', NULL, NULL),
(503, '556822c2dvsda4238a0b10.60387700 1385984394', '822c2dvsda4238a0b1', '2013-12-02 11:39:54', '2013-12-02 11:39:54', '2013-12-02 13:04:10', '900a826ec73c03db4789156a0e3c69192863c3d2', NULL, NULL),
(504, '171822c2dvsda4238a0b10.48596700 1385995334', '822c2dvsda4238a0b1', '2013-12-02 14:42:14', '2013-12-02 14:42:14', '2013-12-02 14:52:05', '3c29d5ebe3bae738bb1c5ab8147182c11aba9a61', NULL, NULL),
(505, '751822c2dvsda4238a0b10.43549400 1386067657', '822c2dvsda4238a0b1', '2013-12-03 10:47:37', '2013-12-03 10:47:37', '2013-12-03 12:23:21', '49bfe1a8744d810c0bd6151b6853c3f8a7c0dbd9', NULL, NULL),
(506, '192822c2dvsda4238a0b10.68192900 1386079144', '822c2dvsda4238a0b1', '2013-12-03 13:59:04', '2013-12-03 13:59:04', '2013-12-03 14:11:08', '79c1f1834284957f9c6a32bab9fa73fcc5f93c55', NULL, NULL),
(507, '32810.53450500 1389254128', '1', '2014-01-09 07:55:28', '2014-01-09 07:55:28', '2014-01-09 07:55:28', 'ffd8ca4c6689099c5734bca6b1580a347c675196', NULL, NULL),
(508, '1191320.02170600 1389428987', '132', '2014-01-11 08:29:47', '2014-01-11 08:29:47', '2014-01-11 08:34:44', 'a0bee2de82f7b8790a6c6b5e2bbc58254cfec49e', NULL, NULL),
(509, '546210.55970600 1389429262', '21', '2014-01-11 08:34:22', '2014-01-11 08:34:22', '2014-01-11 08:36:23', 'ed1c0573f0b1b43f71e6b1eacc26ac730a56aed1', NULL, NULL),
(510, '983210.71321800 1389952962', '21', '2014-01-17 10:02:42', '2014-01-17 10:02:42', '2014-01-17 10:02:42', 'df642ae8336767ccd7f789f20d8fc8a34000c7c0', NULL, NULL),
(511, '687210.82521800 1389952967', '21', '2014-01-17 10:02:47', '2014-01-17 11:07:31', '2014-01-17 11:40:19', 'd8c9311e3b803edb3f56bcca9a5a2756257a91b9', '12412412441', NULL),
(512, '619210.37219800 1389958949', '21', '2014-01-17 11:42:29', '2014-01-17 11:42:55', '2014-01-17 11:42:29', '4ba9b087a00497148d6bb404a065a9a7e8ab578e', 'APA91bGnS_w065elhwOOStTe9BIWyiRLbLEhFrEuJg4_SmoAqZEnDtYxIR9Xs6VpSpLLtOlAYxoqXboLq3LNb3Z1AV-LrKfIZfDEJYcIorLoj4M33Rw9s33zUEfIas5IxvHyEMLpMx9hdg99QlImp2A-LOA-Sv_EGp48Vk6_y2kM3vRTD6D0URI', NULL),
(513, '222210.62119800 1389958951', '21', '2014-01-17 11:42:31', '2014-01-17 11:43:10', '2014-01-17 11:44:43', 'b20e5da0da2d3cd499458321a82f39b9345f138b', 'APA91bHZVl1-44qpnyAgrKRn494rKv0SA1psnVgRXtJcLMLTKrGVQGff7YcjJMkXf22j81BBYSFG4Ie4wlxLk0XUVshDAU5dsEdGY0dphTmU9uVXIji-VSPEy1mdzBVJbF9XMvSrLCNHpvbN35S_FQNgzLsI7ohLa5sPMIAayQoiIuLdB_j-b1A', NULL),
(514, '714210.09007100 1389960637', '21', '2014-01-17 12:10:37', '2014-01-17 12:11:51', '2014-01-17 12:10:37', '92ef9e6a79cb4e4044cf242d27c2ad6e1dcc39fd', 'APA91bGnS_w065elhwOOStTe9BIWyiRLbLEhFrEuJg4_SmoAqZEnDtYxIR9Xs6VpSpLLtOlAYxoqXboLq3LNb3Z1AV-LrKfIZfDEJYcIorLoj4M33Rw9s33zUEfIas5IxvHyEMLpMx9hdg99QlImp2A-LOA-Sv_EGp48Vk6_y2kM3vRTD6D0URI', NULL),
(515, '533210.05257100 1389960639', '21', '2014-01-17 12:10:39', '2014-01-17 12:11:57', '2014-01-17 12:13:00', '7980794b3a09039e0d2503a155d0dc6f17f57b6f', 'APA91bHZVl1-44qpnyAgrKRn494rKv0SA1psnVgRXtJcLMLTKrGVQGff7YcjJMkXf22j81BBYSFG4Ie4wlxLk0XUVshDAU5dsEdGY0dphTmU9uVXIji-VSPEy1mdzBVJbF9XMvSrLCNHpvbN35S_FQNgzLsI7ohLa5sPMIAayQoiIuLdB_j-b1A', NULL),
(516, '649210.66668000 1390984336', '21', '2014-01-29 08:32:16', '2014-01-29 08:50:26', '2014-01-29 08:50:26', 'e8db93f8d74b4c8544e30c59cc0e1747bf05a0bc', NULL, '3213231311322'),
(517, '74210.48068000 1390984347', '21', '2014-01-29 08:32:27', '2014-01-29 08:39:15', '2014-01-29 08:39:15', 'b00c93172547eccf337f947378036d2ec2357af0', NULL, '321321'),
(518, '988210.36968000 1390984354', '21', '2014-01-29 08:32:34', '2014-01-29 09:10:59', '2014-01-29 09:10:59', '7b32d406c67da931734883cc8a0cb6b03e61595b', NULL, '32132313113221'),
(519, '430210.03168000 1390984357', '21', '2014-01-29 08:32:37', '2014-01-29 08:32:37', '2014-01-29 08:32:37', '8a683327ec767e7ef16f4972076c1580c7b44436', NULL, '321321'),
(520, '981210.98868500 1390986848', '21', '2014-01-29 09:14:09', '2014-01-29 09:14:09', '2014-01-29 09:14:09', 'f2db575ce6c80bacb547d3ccac715dd81bde7349', NULL, NULL);

--
-- Constraints for dumped tables
--

--
-- Constraints for table `chat`
--
ALTER TABLE `chat`
  ADD CONSTRAINT `fk_chat_user1` FOREIGN KEY (`user_id`) REFERENCES `user` (`id`) ON DELETE NO ACTION ON UPDATE NO ACTION;

--
-- Constraints for table `chat_member`
--
ALTER TABLE `chat_member`
  ADD CONSTRAINT `fk_chat_member_chat1` FOREIGN KEY (`chat_id`) REFERENCES `chat` (`id`) ON DELETE NO ACTION ON UPDATE NO ACTION,
  ADD CONSTRAINT `fk_chat_member_user1` FOREIGN KEY (`user_id`) REFERENCES `user` (`id`) ON DELETE NO ACTION ON UPDATE NO ACTION;

--
-- Constraints for table `chat_user_settings`
--
ALTER TABLE `chat_user_settings`
  ADD CONSTRAINT `chat_user_settings_ibfk_1` FOREIGN KEY (`chat_id`) REFERENCES `chat` (`id`) ON DELETE NO ACTION ON UPDATE NO ACTION,
  ADD CONSTRAINT `chat_user_settings_ibfk_2` FOREIGN KEY (`user_id`) REFERENCES `user` (`id`) ON DELETE NO ACTION ON UPDATE NO ACTION;

--
-- Constraints for table `contact`
--
ALTER TABLE `contact`
  ADD CONSTRAINT `fk_contact_chat1` FOREIGN KEY (`chat_id`) REFERENCES `chat` (`id`) ON DELETE NO ACTION ON UPDATE NO ACTION,
  ADD CONSTRAINT `fk_table1_user1` FOREIGN KEY (`user_id`) REFERENCES `user` (`id`) ON DELETE NO ACTION ON UPDATE NO ACTION,
  ADD CONSTRAINT `fk_table1_user2` FOREIGN KEY (`contact_id`) REFERENCES `user` (`id`) ON DELETE NO ACTION ON UPDATE NO ACTION;

--
-- Constraints for table `message`
--
ALTER TABLE `message`
  ADD CONSTRAINT `fk_message_chat1` FOREIGN KEY (`chat_id`) REFERENCES `chat` (`id`) ON DELETE NO ACTION ON UPDATE NO ACTION,
  ADD CONSTRAINT `fk_message_user1` FOREIGN KEY (`user_id`) REFERENCES `user` (`id`) ON DELETE NO ACTION ON UPDATE NO ACTION;

--
-- Constraints for table `settings`
--
ALTER TABLE `settings`
  ADD CONSTRAINT `settings_ibfk_1` FOREIGN KEY (`user_id`) REFERENCES `user` (`id`) ON DELETE NO ACTION ON UPDATE NO ACTION;

/*!40101 SET CHARACTER_SET_CLIENT=@OLD_CHARACTER_SET_CLIENT */;
/*!40101 SET CHARACTER_SET_RESULTS=@OLD_CHARACTER_SET_RESULTS */;
/*!40101 SET COLLATION_CONNECTION=@OLD_COLLATION_CONNECTION */;
